record_id,campaign,Main_CLIP_ID,brand,vertical,date_start,date_end,trp,sov,sov_coeff,ad_recall,brand_recognition,norm_ad_recall,video_path,is_avito,source,source_set,video_name,video_exists,norm_ad_recall_definition,target_source,in_seed42_train75,shared_creative_note,key,total_video_duration_sec,brand_first_mention_seconds,brand_logo_screen_seconds,brand_voiceover_count,pack_shot_duration_seconds,scene_count,unique_locations_count,human_characters_count,character_close_up_seconds,voiceover_word_count,silence_or_music_only_seconds,text_overlay_total_seconds,cta_screen_seconds,product_demo_seconds,unique_offers_count,ends_with_brand_logo_alone,scene_pace_high,linear_narrative,has_callback_to_opening,dialogue_between_characters,monologue_to_camera,is_celeb,vocal_song_present,jingle_present,numeric_offer_on_screen,state_transformation_present,problem_solution_arc_present,visual_style_changes,visual_style,target_audience_signal,sha,family,category,run_sha,y,record
recall_0,Avito Services_se_25-04-MR -T1-C2C,4763114,Avito,Services,2025-04-07,2025-05-05,1958.9982,0.9991,1.3,0.25,0.815,0.0981663445671835,/Users/asekorneev/Downloads/Креативы Avito 2025/4763114H.AVI,1,standard,adrecall_v4,4763114H.AVI,True,ad_recall / ((trp / 1000) * sov_coeff); unrounded TRP,/Users/asekorneev/Documents/Work projects/AI-Pretest models/v3_adrecall/dataset_base_v4.parquet,True,,avitoservicesse2504mrt1c2c,20.0,0.0,20.0,2.0,3.0,2.0,1.0,5.0,2.2,35.3,0.0,20.0,3.0,5.8,0.0,0.0,0.0,1.0,0.0,0.0,1.0,0.0,0.0,1.0,0.0,1.0,1.0,0.0,live_action,adults,ae52959cd22ff5305a05997d33d123f3e0d861ea2fd666396fadd44d41b719e6,ae52959cd22ff5305a05997d33d123f3e0d861ea2fd666396fadd44d41b719e6,Services,ae52959cd22ff5305a05997d33d123f3e0d861ea2fd666396fadd44d41b719e6,0.0981663445671835,recall_0
recall_1,Avito Services_se_25-05-AP -T1-C2C,4784557,Avito,Services,2025-05-26,2025-06-23,1834.5532,1.0,1.3,0.2,0.75,0.0838602848073055,/Users/asekorneev/Downloads/Креативы Avito 2025/4784557H.AVI,1,standard,adrecall_v4,4784557H.AVI,True,ad_recall / ((trp / 1000) * sov_coeff); unrounded TRP,/Users/asekorneev/Documents/Work projects/AI-Pretest models/v3_adrecall/dataset_base_v4.parquet,False,,avitoservicesse2505apt1c2c,10.0,0.0,10.0,1.0,3.0,3.0,1.0,8.0,2.0,24.0,0.0,10.0,3.0,3.0,0.0,0.0,0.0,1.0,0.0,0.0,0.0,0.0,0.0,1.0,0.0,1.0,1.0,0.0,live_action,family,854eb7ee0ddc7d0ff99ce6f913013ab5c69b55ecdad77c0366c12f63d1d0dd62,854eb7ee0ddc7d0ff99ce6f913013ab5c69b55ecdad77c0366c12f63d1d0dd62,Services,,0.0838602848073055,recall_1
recall_2,Avito Services_se_25-07-HH -T1-C2C,4798062,Avito,Services,2025-07-07,2025-08-04,1468.9239,1.0,1.3,0.35,0.91,0.1832843547788753,/Users/asekorneev/Downloads/Креативы Avito 2025/4798062H.AVI,1,standard,adrecall_v4,4798062H.AVI,True,ad_recall / ((trp / 1000) * sov_coeff); unrounded TRP,/Users/asekorneev/Documents/Work projects/AI-Pretest models/v3_adrecall/dataset_base_v4.parquet,True,,avitoservicesse2507hht1c2c,20.0,1.0,20.0,1.0,3.0,2.0,2.0,3.0,2.0,35.0,0.0,10.0,0.0,6.0,0.0,0.0,0.0,1.0,1.0,1.0,0.0,0.0,0.0,1.0,0.0,1.0,1.0,0.0,live_action,adults,c7add44daf9f9ae91da61f2730bb0f21ec337f3141c3c18c9262c11fbb3013e2,c7add44daf9f9ae91da61f2730bb0f21ec337f3141c3c18c9262c11fbb3013e2,Services,c7add44daf9f9ae91da61f2730bb0f21ec337f3141c3c18c9262c11fbb3013e2,0.1832843547788753,recall_2
recall_3,Avito Services_se_25-08-MR-T1-C2C,4811846,Avito,Services,2025-08-18,2025-09-15,1062.0,0.9979,1.3,0.32,0.93,0.2317832826307402,/Users/asekorneev/Downloads/Креативы Avito 2025/4811846H.AVI,1,standard,adrecall_v4,4811846H.AVI,True,ad_recall / ((trp / 1000) * sov_coeff); unrounded TRP,/Users/asekorneev/Documents/Work projects/AI-Pretest models/v3_adrecall/dataset_base_v4.parquet,True,,avitoservicesse2508mrt1c2c,10.0,0.0,10.0,2.0,3.0,2.0,2.0,2.0,0.0,20.9,0.0,10.0,3.0,4.0,0.8,0.0,0.0,1.0,0.0,0.0,0.0,0.0,0.0,1.0,0.0,1.0,1.0,0.0,live_action,adults,02ca14065c443b269a4a9ef92030af0996a2bfd71143050e27db83b31f6a32e0,02ca14065c443b269a4a9ef92030af0996a2bfd71143050e27db83b31f6a32e0,Services,02ca14065c443b269a4a9ef92030af0996a2bfd71143050e27db83b31f6a32e0,0.2317832826307402,recall_3
recall_4,Avito Services_se_25-11-H&B -T1-C2C,4851593,Avito,Services,2025-11-10,2025-12-08,1578.8663,1.0,1.3,0.23,0.81,0.1120570354330046,/Users/asekorneev/Downloads/Креативы Avito 2025/4851593H.AVI,1,standard,adrecall_v4,4851593H.AVI,True,ad_recall / ((trp / 1000) * sov_coeff); unrounded TRP,/Users/asekorneev/Documents/Work projects/AI-Pretest models/v3_adrecall/dataset_base_v4.parquet,False,,avitoservicesse2511hbt1c2c,10.0,0.0,10.0,1.0,3.0,2.0,2.0,1.0,4.0,18.0,0.0,10.0,0.0,3.0,0.0,0.0,0.0,1.0,0.0,0.0,1.0,0.0,0.0,1.0,0.0,0.0,0.0,0.0,live_action,young_adults,fa51ebb28596e074bd467f0305c8113f285b9b0a9fc15571c75905b14f7033d2,fa51ebb28596e074bd467f0305c8113f285b9b0a9fc15571c75905b14f7033d2,Services,,0.1120570354330046,recall_4
recall_5,Avito_Auto_au-25-01-NCB-T1-C2C,4733763,Avito,Auto,2025-01-13,2025-03-10,3227.0,0.84,1.3,0.38,0.77,0.0905818693237348,/Users/asekorneev/Downloads/Креативы Avito 2025/4733763.AVI,1,standard,adrecall_v4,4733763.AVI,True,ad_recall / ((trp / 1000) * sov_coeff); unrounded TRP,/Users/asekorneev/Documents/Work projects/AI-Pretest models/v3_adrecall/dataset_base_v4.parquet,True,,avitoautoau2501ncbt1c2c,10.0,0.0,10.0,2.0,3.0,4.0,4.0,4.0,0.0,16.0,0.0,10.0,3.0,3.0,1.0,0.0,0.0,1.0,0.0,0.0,0.0,0.0,0.0,1.0,0.0,0.0,0.0,0.0,live_action,family,c1e18cfabf1670921901e4f9eaceeda86a85cb487681713ef993b1fa1cb31ac0,c1e18cfabf1670921901e4f9eaceeda86a85cb487681713ef993b1fa1cb31ac0,Auto,,0.0905818693237348,recall_5
recall_6,Avito_Auto_au-25-01-SL-T1-C2C,4733509,Avito,Auto,2025-01-20,2025-02-17,2045.0,1.0,1.3,0.325,0.71,0.1222493887530562,/Users/asekorneev/Downloads/Креативы Avito 2025/4733509H.AVI,1,standard,adrecall_v4,4733509H.AVI,True,ad_recall / ((trp / 1000) * sov_coeff); unrounded TRP,/Users/asekorneev/Documents/Work projects/AI-Pretest models/v3_adrecall/dataset_base_v4.parquet,True,,avitoautoau2501slt1c2c,10.0,0.0,10.0,2.0,2.0,3.0,3.0,2.0,2.0,22.0,0.0,10.0,2.0,4.0,1.0,0.0,0.0,1.0,0.0,0.0,1.0,0.0,0.0,0.0,0.0,0.0,0.0,1.0,mixed,adults,5af87eeabeaca396e1089dce39548cea6ea9c01a6a46c5e2d59c2f223d47f06f,5af87eeabeaca396e1089dce39548cea6ea9c01a6a46c5e2d59c2f223d47f06f,Auto,,0.1222493887530562,recall_6
recall_7,Avito_Auto_au-25-03-UCB-T1-C2C,4756843,Avito,Auto,2025-03-17,2025-05-12,2168.0,0.62,1.3,0.31,0.9,0.1099914845302299,/Users/asekorneev/Downloads/Креативы Avito 2025/4756843H.AVI,1,standard,adrecall_v4,4756843H.AVI,True,ad_recall / ((trp / 1000) * sov_coeff); unrounded TRP,/Users/asekorneev/Documents/Work projects/AI-Pretest models/v3_adrecall/dataset_base_v4.parquet,False,,avitoautoau2503ucbt1c2c,20.0,0.0,20.0,2.0,3.0,4.0,3.0,2.0,5.0,36.5,0.0,20.0,3.0,6.3,1.0,0.0,0.0,1.0,1.0,1.0,0.0,1.0,0.0,1.0,1.0,1.0,1.0,1.0,mixed,adults,7a7d188491651879b9b1b614e1a12d2dfae2b4d8dbe4eae0c44389dabb0cb5ef,491f84b3d6722950dace3f711e10da267580113e784bdc15ee9904db379cb519,Auto,491f84b3d6722950dace3f711e10da267580113e784bdc15ee9904db379cb519,0.1099914845302299,recall_7
recall_8,Avito_Auto_au-25-05-UCB-T1-C2C,4891031,Avito,Auto,2025-05-19,2025-06-23,1783.0,1.0,1.3,0.25,0.8,0.1078562491910781,/Users/asekorneev/Downloads/Креативы Авито+ конкуренты_2026/4891031H.AVI,1,standard,adrecall_v4,4891031H.AVI,True,ad_recall / ((trp / 1000) * sov_coeff); unrounded TRP,/Users/asekorneev/Documents/Work projects/AI-Pretest models/v3_adrecall/dataset_base_v4.parquet,True,Same car advertisement; matching dialogue and frames,avitoautoau2505ucbt1c2c,20.0,0.0,20.0,2.0,3.0,1.0,1.0,4.0,5.0,39.0,0.0,19.5,3.0,5.1,0.0,0.0,0.0,1.0,0.0,1.0,0.0,1.0,0.0,1.0,0.0,0.5,1.0,0.0,live_action,adults,18b35d35521f2e62e19a2e292c4d6b7f5b48691eaf675856db1545d97ea1dbb3,auto_2025_2026_shared,Auto,18b35d35521f2e62e19a2e292c4d6b7f5b48691eaf675856db1545d97ea1dbb3,0.1078562491910781,recall_8
recall_9,Avito_Auto_au-25-07-Autoteka-T1-C2C,4804924,Avito,Autoteka,2025-07-14,2025-08-18,2304.0,1.0,1.3,0.3,0.9,0.1001602564102564,/Users/asekorneev/Downloads/Креативы Avito 2025/4804924H.AVI,1,standard,adrecall_v4,4804924H.AVI,True,ad_recall / ((trp / 1000) * sov_coeff); unrounded TRP,/Users/asekorneev/Documents/Work projects/AI-Pretest models/v3_adrecall/dataset_base_v4.parquet,True,,avitoautoau2507autotekat1c2c,20.0,0.0,20.0,1.0,4.0,5.0,4.0,4.0,3.0,45.0,0.0,20.0,4.0,15.0,1.0,0.0,0.0,0.0,1.0,0.0,1.0,0.0,0.0,1.0,1.0,0.0,1.0,0.0,live_action,adults,92172eab5425019d2d9bb0fb7cc4fd85fd63cd0db128b5c053396c70ac5dbdb1,92172eab5425019d2d9bb0fb7cc4fd85fd63cd0db128b5c053396c70ac5dbdb1,Autoteka,,0.1001602564102564,recall_9
recall_10,Avito_Auto_au-25-09-Autoteka promo-T1-C2C,4823626,Avito,Autoteka,2025-09-08,2025-10-13,833.0,0.22,0.423076923076923,0.215,0.8,0.6100622067008623,/Users/asekorneev/Downloads/Креативы Avito 2025/4823626H.AVI,1,standard,adrecall_v4,4823626H.AVI,True,ad_recall / ((trp / 1000) * sov_coeff); unrounded TRP,/Users/asekorneev/Documents/Work projects/AI-Pretest models/v3_adrecall/dataset_base_v4.parquet,True,,avitoautoau2509autotekapromot1c2c,10.0,1.0,10.0,2.0,3.0,2.0,2.0,2.0,2.0,22.0,0.0,10.0,3.0,3.0,1.0,0.0,0.0,1.0,0.0,0.0,1.0,0.0,0.0,1.0,1.0,0.0,0.0,1.0,mixed,adults,d15d1a67a31a8405d9fc090aba43c2accd8ab631740f25cf22e90f157a001563,d15d1a67a31a8405d9fc090aba43c2accd8ab631740f25cf22e90f157a001563,Autoteka,,0.6100622067008623,recall_10
recall_11,Avito_Goods_gc-25-01-SP-Garage-2-T1-2C,4724246,Avito,Goods,2025-01-06,2025-01-27,2063.0427,1.0,1.3,0.405,0.905,0.1510092164056815,/Users/asekorneev/Downloads/Креативы Avito 2025/4724246H.AVI,1,standard,adrecall_v4,4724246H.AVI,True,ad_recall / ((trp / 1000) * sov_coeff); unrounded TRP,/Users/asekorneev/Documents/Work projects/AI-Pretest models/v3_adrecall/dataset_base_v4.parquet,True,Same Garage creative with added win-a-car ending in current version,avitogoodsgc2501spgarage2t12c,20.0,1.0,20.0,2.0,3.9,3.3,2.0,6.0,3.1,35.0,0.0,16.8,3.9,6.7,1.0,0.0,0.0,1.0,0.0,0.0,1.0,0.0,0.0,1.0,0.0,1.0,1.0,0.0,live_action,adults,43901fc067cca02ca36f7f73964ae408b3cd4fda7ab50b70e11d2a4e2c3ce912,garage_2024_2025,Goods,43901fc067cca02ca36f7f73964ae408b3cd4fda7ab50b70e11d2a4e2c3ce912,0.1510092164056815,recall_11
recall_12,Avito_Goods_gc-25-02-CC-Gender,4740806,Avito,Goods,2025-02-10,2025-02-24,4842.6047,0.7703,1.3,0.2933,0.8833,0.0465896761334627,/Users/asekorneev/Downloads/Креативы Avito 2025/4740806H.AVI,1,standard,adrecall_v4,4740806H.AVI,True,ad_recall / ((trp / 1000) * sov_coeff); unrounded TRP,/Users/asekorneev/Documents/Work projects/AI-Pretest models/v3_adrecall/dataset_base_v4.parquet,False,,avitogoodsgc2502ccgender,20.0,0.0,20.0,3.0,2.0,4.0,4.0,6.0,0.0,45.0,0.0,17.5,2.0,0.5,2.0,0.0,0.0,0.0,0.0,0.0,0.9,0.0,0.0,1.0,1.0,0.0,0.0,0.0,live_action,mixed,ae4a83ac03e964e66c2b65b6baffb221ecafa9a4d0fd0c8230291289fe997cff,4578099cb8a697f8a169117a375baa1ab7e211d736477922af0e6981886ad977,Goods,4578099cb8a697f8a169117a375baa1ab7e211d736477922af0e6981886ad977,0.0465896761334627,recall_12
recall_13,Avito_Goods_gc-25-03-LS-Fashion-T1-C2C,4747550,Avito,Goods,2025-02-24,2025-03-31,1878.2845,0.2481,1.3,0.195,0.79,0.0798601063896337,/Users/asekorneev/Downloads/Креативы Avito 2025/4747550H.AVI,1,standard,adrecall_v4,4747550H.AVI,True,ad_recall / ((trp / 1000) * sov_coeff); unrounded TRP,/Users/asekorneev/Documents/Work projects/AI-Pretest models/v3_adrecall/dataset_base_v4.parquet,True,,avitogoodsgc2503lsfashiont1c2c,20.0,1.0,20.0,2.0,3.0,4.0,4.0,3.0,2.0,25.0,3.0,11.0,3.0,7.7,1.0,0.0,1.0,0.1,0.0,0.0,0.9,0.0,0.0,1.0,0.0,0.1,0.0,1.0,live_action,young_adults,136d8eac968682f70c3799042ccaf3cc1bc5a96e7658621a17b6300cc18971b6,136d8eac968682f70c3799042ccaf3cc1bc5a96e7658621a17b6300cc18971b6,Goods,136d8eac968682f70c3799042ccaf3cc1bc5a96e7658621a17b6300cc18971b6,0.0798601063896337,recall_13
recall_14,Avito_Goods_gc-25-03-SP-SummerTires-T1,4758162,Avito,Goods,2025-03-10,2025-04-07,1877.0,1.0,1.3,0.2233,0.6533,0.0915126429244703,/Users/asekorneev/Downloads/Креативы Avito 2025/4758162.AVI,1,standard,adrecall_v4,4758162.AVI,True,ad_recall / ((trp / 1000) * sov_coeff); unrounded TRP,/Users/asekorneev/Documents/Work projects/AI-Pretest models/v3_adrecall/dataset_base_v4.parquet,False,,avitogoodsgc2503spsummertirest1,20.0,0.0,20.0,2.0,3.0,4.0,3.0,2.0,4.0,30.0,9.0,11.0,3.0,0.0,1.0,0.0,1.0,1.0,0.0,0.0,1.0,0.0,0.0,1.0,0.0,1.0,1.0,0.0,live_action,adults,6c6aa7b34fe4cf118ef61383fc7aa3179e98267ba85fa5d100e33f0e4b148c35,6c6aa7b34fe4cf118ef61383fc7aa3179e98267ba85fa5d100e33f0e4b148c35,Goods,,0.0915126429244703,recall_14
recall_15,Avito_Goods_gc-25-05-SP-First car & first repair-T1-2C,4777577,Avito,Goods,2025-05-12,2025-06-09,2032.0085,0.9983,1.3,0.295,0.88,0.1116742754388463,/Users/asekorneev/Downloads/Креативы Avito 2025/4777577H.AVI,1,standard,adrecall_v4,4777577H.AVI,True,ad_recall / ((trp / 1000) * sov_coeff); unrounded TRP,/Users/asekorneev/Documents/Work projects/AI-Pretest models/v3_adrecall/dataset_base_v4.parquet,False,,avitogoodsgc2505spfirstcarfirstrepairt12c,9.0,0.0,9.0,3.0,3.0,3.0,2.0,4.0,2.2,20.0,0.0,9.0,3.0,2.0,1.0,0.0,1.0,1.0,0.0,1.0,1.0,0.0,1.0,1.0,0.0,1.0,1.0,0.0,live_action,adults,5a39e29f0e9382307832c0c3decd102e31e97ac583d5b0e40a02c54084dbb0e4,5a39e29f0e9382307832c0c3decd102e31e97ac583d5b0e40a02c54084dbb0e4,Goods,5a39e29f0e9382307832c0c3decd102e31e97ac583d5b0e40a02c54084dbb0e4,0.1116742754388463,recall_15
recall_16,Avito_Goods_gc-25-07-H&L-T1-Construction,4795186,Avito,Goods,2025-06-30,2025-07-28,1134.4576,0.9999,1.3,0.16,0.86,0.108489663321858,/Users/asekorneev/Downloads/Креативы Avito 2025/4795186H.AVI,1,standard,adrecall_v4,4795186H.AVI,True,ad_recall / ((trp / 1000) * sov_coeff); unrounded TRP,/Users/asekorneev/Documents/Work projects/AI-Pretest models/v3_adrecall/dataset_base_v4.parquet,False,,avitogoodsgc2507hlt1construction,20.0,0.2,20.0,3.0,3.0,5.0,4.0,2.0,5.2,35.0,0.0,20.0,3.0,5.9,0.0,0.0,0.0,0.5,1.0,1.0,0.0,0.0,0.0,1.0,0.0,0.0,1.0,0.0,live_action,adults,3ae260aa6a9ff66e204762834dd3fa3db67d031934932598a1a39f32691f9b2c,140bcab25cbb9038b2b7bb99dfbb9f99f37cdd5485885d8cbeb32c04bdeeea76,Goods,140bcab25cbb9038b2b7bb99dfbb9f99f37cdd5485885d8cbeb32c04bdeeea76,0.108489663321858,recall_16
recall_17,Avito_Goods_gc-25-07-Sellers-cross-private-T1-B2C,4885906,Avito,Goods,2025-07-28,2025-08-18,2232.4642,0.4413,1.3,0.33,0.9567,0.1137067075235311,/Users/asekorneev/Downloads/Креативы Авито+ конкуренты_2026/4885906.AVI,1,standard,adrecall_v4,4885906.AVI,True,ad_recall / ((trp / 1000) * sov_coeff); unrounded TRP,/Users/asekorneev/Documents/Work projects/AI-Pretest models/v3_adrecall/dataset_base_v4.parquet,False,,avitogoodsgc2507sellerscrossprivatet1b2c,20.0,0.0,20.0,1.0,4.0,4.0,4.0,4.0,2.0,30.0,0.0,20.0,4.0,2.0,0.0,0.0,0.0,0.0,0.0,0.0,0.0,0.0,0.0,1.0,0.0,1.0,1.0,0.0,live_action,mixed,d9bc612a8cba0509b54ddd79ce54720e0f6e8a4f79142a9918374d050b632cef,d9bc612a8cba0509b54ddd79ce54720e0f6e8a4f79142a9918374d050b632cef,Goods,,0.1137067075235311,recall_17
recall_18,Avito_Goods_gc-25-08-CC-Back-to-school-SALE-T1-2C,4809330,Avito,Goods,2025-08-11,2025-09-01,3569.6135,0.6442,1.3,0.285,0.915,0.061415828136791,/Users/asekorneev/Downloads/Креативы Avito 2025/4809330H.AVI,1,standard,adrecall_v4,4809330H.AVI,True,ad_recall / ((trp / 1000) * sov_coeff); unrounded TRP,/Users/asekorneev/Documents/Work projects/AI-Pretest models/v3_adrecall/dataset_base_v4.parquet,False,,avitogoodsgc2508ccbacktoschoolsalet12c,20.0,1.0,20.0,3.0,3.0,1.0,1.0,10.0,3.0,35.0,0.0,15.0,3.0,0.0,2.0,0.0,0.0,0.0,0.0,0.0,0.0,0.0,0.0,1.0,1.0,0.0,0.0,0.0,live_action,family,6d0b288ea504dd7d5e78cf019a9c1cf4be01216783f9d0462ffe1967d1540fb6,6d0b288ea504dd7d5e78cf019a9c1cf4be01216783f9d0462ffe1967d1540fb6,Goods,,0.061415828136791,recall_18
recall_19,Avito_Goods_gc-25-10-HL-Furniture-Loans-T1-C2C,4829283,Avito,Goods,2025-09-29,2025-10-27,1952.8303,0.7617,1.3,0.32,0.935,0.1260497884295661,/Users/asekorneev/Downloads/Креативы Avito 2025/4829283H.AVI,1,standard,adrecall_v4,4829283H.AVI,True,ad_recall / ((trp / 1000) * sov_coeff); unrounded TRP,/Users/asekorneev/Documents/Work projects/AI-Pretest models/v3_adrecall/dataset_base_v4.parquet,False,,avitogoodsgc2510hlfurnitureloanst1c2c,20.0,16.7,3.3,1.0,3.3,3.0,3.0,5.0,2.0,35.0,0.0,8.3,3.3,0.0,1.0,0.0,0.0,0.0,0.0,0.0,0.0,0.0,1.0,0.0,1.0,0.0,0.0,0.0,live_action,family,45c2491ec86ce574da21b948f054c84ec6b92eb96086424b0c289ebe533501b3,2b887867a656bb914af76caf3279ee6b2259b0018ced5a6fb1d85652423c0930,Goods,2b887867a656bb914af76caf3279ee6b2259b0018ced5a6fb1d85652423c0930,0.1260497884295661,recall_19
recall_20,Avito_Goods_gc-26-03-CC-Resale-T1-C2C,90000002,Avito,Goods,2026-03-02,2026-03-23,3489.0,0.161901345,1.1872746322448162,0.29,0.91,0.0700077048468677,/Users/asekorneev/Desktop/Creatives_validation/Avito_Goods_gc-26-03-CC-Resale-T1-C2C.mp4,1,validation,adrecall_v4,Avito_Goods_gc-26-03-CC-Resale-T1-C2C.mp4,True,ad_recall / ((trp / 1000) * sov_coeff); unrounded TRP,/Users/asekorneev/Documents/Work projects/AI-Pretest models/v3_adrecall/dataset_base_v4.parquet,False,,avitogoodsgc2603ccresalet1c2c,20.0,1.0,20.0,2.1,3.0,5.0,4.0,5.0,9.2,45.0,0.0,18.5,2.9,5.0,0.0,0.0,0.4,0.0,1.0,0.0,1.0,0.5,0.0,1.0,0.0,0.0,0.0,0.0,live_action,adults,e315d2710c865cf8653a263095145102512d8c729e85f6d4c61db0f02a0f2b3a,e315d2710c865cf8653a263095145102512d8c729e85f6d4c61db0f02a0f2b3a,Goods,e315d2710c865cf8653a263095145102512d8c729e85f6d4c61db0f02a0f2b3a,0.0700077048468677,recall_20
recall_21,Avito_Horizontal_hz-25-04-CC-Manifest-T1-C2,4763879,Avito,Horizontal,2025-03-31,2025-04-28,3132.3231,0.9597,1.3,0.12,0.64,0.0294694031748168,/Users/asekorneev/Downloads/Креативы Avito 2025/4763879H.AVI,1,standard,adrecall_v4,4763879H.AVI,True,ad_recall / ((trp / 1000) * sov_coeff); unrounded TRP,/Users/asekorneev/Documents/Work projects/AI-Pretest models/v3_adrecall/dataset_base_v4.parquet,True,,avitohorizontalhz2504ccmanifestt1c2,20.0,0.0,20.0,0.0,4.0,9.0,9.0,15.0,5.0,25.0,0.0,20.0,0.0,0.0,0.0,0.0,1.0,0.0,0.0,0.0,0.0,0.0,0.0,0.0,0.0,0.0,0.0,0.0,live_action,mixed,2fc574a8f16fc29933b9a065f9a179c99d8e0bdb3f6e1df6d53a9bb1c5d34008,2fc574a8f16fc29933b9a065f9a179c99d8e0bdb3f6e1df6d53a9bb1c5d34008,Horizontal,,0.0294694031748168,recall_21
recall_22,Avito_Job_jc-25-03-Office-T1-B2C,4755239,Avito,Job,2025-03-03,2025-04-07,2874.0,0.64,1.3,0.28,0.75,0.0749424549007012,/Users/asekorneev/Downloads/Креативы Avito 2025/4755239.AVI,1,standard,adrecall_v4,4755239.AVI,True,ad_recall / ((trp / 1000) * sov_coeff); unrounded TRP,/Users/asekorneev/Documents/Work projects/AI-Pretest models/v3_adrecall/dataset_base_v4.parquet,True,Regional office-job versions with matching scenes and message,avitojobjc2503officet1b2c,10.0,1.0,10.0,1.0,3.0,3.0,2.0,4.0,2.0,20.0,0.0,10.0,3.0,2.0,1.0,0.0,0.0,1.0,0.0,0.0,0.0,0.0,0.0,1.0,0.0,0.0,0.0,0.0,live_action,adults,bea8d38b9598c1c6907269d3802d8a305d1e73a59a4c394180c4dd1bc8e58901,bea8d38b9598c1c6907269d3802d8a305d1e73a59a4c394180c4dd1bc8e58901,Job,,0.0749424549007012,recall_22
recall_23,Avito_Job_jc-25-08-General-T1-B2C,4872595,Avito,Job,2025-08-18,2025-10-27,4036.628,0.5938,1.3,0.27,0.8433,0.051451931585548,/Users/asekorneev/Desktop/Creatives_validation/Avito_Job_jc-25-08-General-T1-B2C.AVI,1,validation,adrecall_v4,Avito_Job_jc-25-08-General-T1-B2C.AVI,True,ad_recall / ((trp / 1000) * sov_coeff); unrounded TRP,/Users/asekorneev/Documents/Work projects/AI-Pretest models/v3_adrecall/dataset_base_v4.parquet,False,,avitojobjc2508generalt1b2c,20.0,0.0,20.0,2.0,3.0,4.0,4.0,9.1,5.0,43.6,0.0,20.0,3.0,0.0,0.0,0.0,0.0,0.0,0.0,0.4,0.0,0.0,0.0,1.0,0.0,1.0,1.0,0.0,live_action,adults,3bcc3190ded959049d06676baddfbe5589478bbf6242982101e8692fbd0ed20d,jobs_2025_2026_shared,Job,3bcc3190ded959049d06676baddfbe5589478bbf6242982101e8692fbd0ed20d,0.051451931585548,recall_23
recall_24,Avito_Job_jc-26-01-General-T1-B2C,4811853,Avito,Job,2026-01-05,2026-02-23,3562.0,0.538,1.2464285714285714,0.32,0.88,0.0720756665792534,/Users/asekorneev/Downloads/Креативы Avito 2025/4811853H.AVI,1,standard,adrecall_v4,4811853H.AVI,True,ad_recall / ((trp / 1000) * sov_coeff); unrounded TRP,/Users/asekorneev/Documents/Work projects/AI-Pretest models/v3_adrecall/dataset_base_v4.parquet,True,"Shared job advertisement footage and message, edited versions",avitojobjc2601generalt1b2c,20.0,0.0,20.0,2.0,2.3,4.0,4.0,10.0,5.0,35.0,0.0,20.0,2.3,2.3,0.0,0.0,0.0,0.0,0.0,1.0,0.0,0.0,0.0,1.0,0.0,1.0,1.0,0.0,live_action,adults,557778591b4e08099ea1e408bf5dfe6f83653a542c9ece0e9f65f54e0824a319,jobs_2025_2026_shared,Job,557778591b4e08099ea1e408bf5dfe6f83653a542c9ece0e9f65f54e0824a319,0.0720756665792534,recall_24
recall_25,Аскона - 35 лет с Аскона,4763111,Аскона,Goods,2025-05-05,2025-06-01,1271.4048,0.7145,1.3,0.16,0.805,0.0968038842364942,/Users/asekorneev/Downloads/Креативы конкуренты 2025/Аскона/4763111H.AVI,0,standard,adrecall_v4,4763111H.AVI,True,ad_recall / ((trp / 1000) * sov_coeff); unrounded TRP,/Users/asekorneev/Documents/Work projects/AI-Pretest models/v3_adrecall/dataset_base_v4.parquet,True,,acкoнa35лeтcacкoнa,10.0,2.0,5.0,1.0,5.0,2.0,1.0,3.0,2.0,28.0,0.0,8.0,5.0,5.0,2.0,0.0,0.0,1.0,0.0,0.0,0.0,0.0,0.0,1.0,1.0,0.0,0.0,0.0,live_action,family,e60ddee904fe581126612a69be92f2b122e29c3bd5d46e0fe3fc687c8f892e14,e60ddee904fe581126612a69be92f2b122e29c3bd5d46e0fe3fc687c8f892e14,Goods,,0.0968038842364942,recall_25
recall_26,АСКОНА - Формула здорового сна,4736567,Аскона,Goods,2025-03-10,2025-03-23,649.175,0.5448,1.3,0.17,0.77,0.2014391046624265,/Users/asekorneev/Downloads/Креативы конкуренты 2025/Аскона/4736567H.AVI,0,standard,adrecall_v4,4736567H.AVI,True,ad_recall / ((trp / 1000) * sov_coeff); unrounded TRP,/Users/asekorneev/Documents/Work projects/AI-Pretest models/v3_adrecall/dataset_base_v4.parquet,True,,acкoнaфopмyлaздopoвoгocнa,10.0,4.0,5.0,2.0,5.0,2.0,2.0,1.0,0.0,25.0,0.0,10.0,5.0,5.0,1.0,0.0,0.0,1.0,0.0,0.0,0.0,0.0,0.0,1.0,1.0,0.0,0.0,0.0,live_action,adults,21a9de8f698623020efafcf7c2623526307731f068a7137a96da2a73395253eb,21a9de8f698623020efafcf7c2623526307731f068a7137a96da2a73395253eb,Goods,,0.2014391046624265,recall_26
recall_27,АСКОНА Зимняя распродажа,4872108,Аскона,Goods,2026-02-23,2026-03-08,1024.787,0.9648,1.3,0.09,0.67,0.0675562524024692,/Users/asekorneev/Downloads/Креативы Авито+ конкуренты_2026/4872108H.AVI,0,standard,adrecall_v4,4872108H.AVI,True,ad_recall / ((trp / 1000) * sov_coeff); unrounded TRP,/Users/asekorneev/Documents/Work projects/AI-Pretest models/v3_adrecall/dataset_base_v4.parquet,True,,acкoнaзимняяpacпpoдaжa,10.0,2.0,6.0,2.0,6.0,2.0,1.0,1.0,0.0,22.0,0.0,7.0,6.0,6.0,1.0,0.0,0.0,1.0,0.0,0.0,0.0,0.0,0.0,1.0,1.0,0.0,0.0,0.0,live_action,adults,3efef00e18ff8be75c34ac99f3799b3b427ca2220d968146de252e4a861de5a3,3efef00e18ff8be75c34ac99f3799b3b427ca2220d968146de252e4a861de5a3,Goods,,0.0675562524024692,recall_27
recall_28,АСКОНА Летняя распродажа,4790038,Аскона,Goods,2025-08-11,2025-08-24,679.8962,0.573,1.3,0.09,0.76,0.1018254981139315,/Users/asekorneev/Downloads/Креативы конкуренты 2025/Аскона/4790038H.AVI,0,standard,adrecall_v4,4790038H.AVI,True,ad_recall / ((trp / 1000) * sov_coeff); unrounded TRP,/Users/asekorneev/Documents/Work projects/AI-Pretest models/v3_adrecall/dataset_base_v4.parquet,True,,acкoнaлeтняяpacпpoдaжa,10.0,2.0,6.0,2.0,6.0,2.0,2.0,1.0,2.0,22.0,0.0,6.0,6.0,6.0,1.0,0.0,0.0,1.0,0.0,0.0,0.0,0.0,0.0,1.0,1.0,0.0,0.0,0.0,live_action,adults,a77cccdd75afd3960b7a418ba12ebbe27da47ace3a6c0b5a80477aecba35bd7d,a77cccdd75afd3960b7a418ba12ebbe27da47ace3a6c0b5a80477aecba35bd7d,Goods,,0.1018254981139315,recall_28
recall_29,Вкусно и точка. Работа_ТВ,4814005,Вкусно и точка,Job,2025-04-21,2025-05-04,1458.5567,0.9947,1.3,0.18,0.83,0.0949305148449412,/Users/asekorneev/Downloads/Креативы конкуренты 2025/Вкусно и точка/4814005H.AVI,0,standard,adrecall_v4,4814005H.AVI,True,ad_recall / ((trp / 1000) * sov_coeff); unrounded TRP,/Users/asekorneev/Documents/Work projects/AI-Pretest models/v3_adrecall/dataset_base_v4.parquet,True,,вкycнoитoчкapaбoтaтв,15.0,0.0,15.0,1.0,2.0,6.0,4.0,8.0,3.0,35.0,0.0,15.0,1.0,0.0,0.0,1.0,1.0,1.0,1.0,0.0,1.0,0.0,0.0,1.0,0.0,0.0,0.0,0.0,live_action,young_adults,65d9ede0dbcf32e442202c1954e6b45cf7904b90a30a102a854b4dd2f4da4825,65d9ede0dbcf32e442202c1954e6b45cf7904b90a30a102a854b4dd2f4da4825,Job,,0.0949305148449412,recall_29
recall_30,Вкусно и точка. Работа_ТВ_2 флайт,4814005,Вкусно и точка,Job,2025-09-22,2025-10-19,1651.9423,0.282,0.5891364902506961,0.23,0.815,0.2363290117656986,/Users/asekorneev/Downloads/Креативы конкуренты 2025/Вкусно и точка/4814005H.AVI,0,standard,adrecall_v4,4814005H.AVI,True,ad_recall / ((trp / 1000) * sov_coeff); unrounded TRP,/Users/asekorneev/Documents/Work projects/AI-Pretest models/v3_adrecall/dataset_base_v4.parquet,True,,вкycнoитoчкapaбoтaтв2флaйт,15.0,0.0,15.0,1.0,2.0,6.0,4.0,8.0,3.0,35.0,0.0,15.0,1.0,0.0,0.0,1.0,1.0,1.0,1.0,0.0,1.0,0.0,0.0,1.0,0.0,0.0,0.0,0.0,live_action,young_adults,65d9ede0dbcf32e442202c1954e6b45cf7904b90a30a102a854b4dd2f4da4825,65d9ede0dbcf32e442202c1954e6b45cf7904b90a30a102a854b4dd2f4da4825,Job,,0.2363290117656986,recall_30
recall_31,ВТБ. Работа,4820896,ВТБ,Job,2025-09-22,2025-10-19,2467.0,0.4252,1.036169102296451,0.09,0.155,0.0352081107857384,/Users/asekorneev/Downloads/Креативы конкуренты 2025/ВТБ Работа/4820896H.AVI,0,standard,adrecall_v4,4820896H.AVI,True,ad_recall / ((trp / 1000) * sov_coeff); unrounded TRP,/Users/asekorneev/Documents/Work projects/AI-Pretest models/v3_adrecall/dataset_base_v4.parquet,True,,втбpaбoтa,30.0,0.0,30.0,2.0,3.0,6.0,4.0,4.0,15.0,35.0,0.0,25.0,3.0,0.0,0.0,1.0,1.0,0.0,1.0,0.0,1.0,0.0,0.0,0.0,0.0,0.0,0.0,0.0,live_action,young_adults,01f7fef0d337aea56cf4f11b9c477eb9c14e0857eaa40940a426c04329fb9dbc,01f7fef0d337aea56cf4f11b9c477eb9c14e0857eaa40940a426c04329fb9dbc,Job,,0.0352081107857384,recall_31
recall_32,ДЕТСКИЙ МИР Здесь живет волшебство,4858896,Детский мир,Goods,2026-01-26,2026-02-08,1072.5134,0.5075,1.3,0.08,0.12,0.0573778020288245,/Users/asekorneev/Downloads/Креативы конкуренты 2025/Детский мир/4858896H.AVI,0,standard,adrecall_v4,4858896H.AVI,True,ad_recall / ((trp / 1000) * sov_coeff); unrounded TRP,/Users/asekorneev/Documents/Work projects/AI-Pretest models/v3_adrecall/dataset_base_v4.parquet,True,,дeтcкиймиpздecьживeтвoлшeбcтвo,15.0,0.0,15.0,2.0,4.0,1.0,1.0,6.0,2.0,16.0,2.0,15.0,0.0,5.0,0.0,0.0,0.0,1.0,0.0,0.0,0.0,0.0,0.0,0.0,0.0,1.0,0.0,0.0,live_action,family,d443619419d32848a4337fa4b2876041cd8011d9e5220058ce6ebdee71f251db,d443619419d32848a4337fa4b2876041cd8011d9e5220058ce6ebdee71f251db,Goods,,0.0573778020288245,recall_32
recall_33,ДЕТСКИЙ МИР Модная весна,4761981,Детский мир,Goods,2025-04-21,2025-05-18,481.9084,0.3873,1.3,0.085,0.365,0.1356785135611153,/Users/asekorneev/Downloads/Креативы конкуренты 2025/Детский мир/4761981H.AVI,0,standard,adrecall_v4,4761981H.AVI,True,ad_recall / ((trp / 1000) * sov_coeff); unrounded TRP,/Users/asekorneev/Documents/Work projects/AI-Pretest models/v3_adrecall/dataset_base_v4.parquet,True,,дeтcкиймиpмoднaявecнa,10.0,0.0,10.0,1.0,2.0,6.0,3.0,3.0,3.0,19.0,0.0,10.0,2.0,0.0,1.0,0.0,1.0,0.0,0.0,0.0,0.0,0.0,0.0,1.0,1.0,0.0,0.0,0.0,live_action,kids,204b160ed5c5a661dd536c26a943f93e63751a93cba0fd425a2f9bd97b004151,204b160ed5c5a661dd536c26a943f93e63751a93cba0fd425a2f9bd97b004151,Goods,,0.1356785135611153,recall_33
recall_34,ДЕТСКИЙ МИР Осенняя коллекция,4821935,Детский мир,Goods,2025-10-20,2025-11-02,551.8357,0.3178,1.3,0.04,0.28,0.0557579561620075,/Users/asekorneev/Downloads/Креативы конкуренты 2025/Детский мир/4821935H.AVI,0,standard,adrecall_v4,4821935H.AVI,True,ad_recall / ((trp / 1000) * sov_coeff); unrounded TRP,/Users/asekorneev/Documents/Work projects/AI-Pretest models/v3_adrecall/dataset_base_v4.parquet,True,,дeтcкиймиpoceнняякoллeкция,10.0,0.0,10.0,1.0,2.0,4.0,2.0,5.0,0.0,20.0,0.0,10.0,2.0,8.0,1.0,0.0,0.0,0.0,1.0,0.0,0.0,0.0,0.0,0.0,1.0,0.0,0.0,0.0,live_action,kids,2bfd2edc964824aeca687df7908837616600c7c2ae3bbffe1e249f1caf2f4685,2bfd2edc964824aeca687df7908837616600c7c2ae3bbffe1e249f1caf2f4685,Goods,,0.0557579561620075,recall_34
recall_35,ДЕТСКИЙ МИР Собираем ребенка в школу,4807413,Детский мир,Goods,2025-09-22,2025-10-05,1256.5518,0.3498,1.3,0.04,0.18,0.0244870372787104,/Users/asekorneev/Downloads/Креативы конкуренты 2025/Детский мир/4807413H.AVI,0,standard,adrecall_v4,4807413H.AVI,True,ad_recall / ((trp / 1000) * sov_coeff); unrounded TRP,/Users/asekorneev/Documents/Work projects/AI-Pretest models/v3_adrecall/dataset_base_v4.parquet,True,,дeтcкиймиpcoбиpaeмpeбeнкaвшкoлy,10.0,0.0,10.0,1.0,2.0,4.0,2.0,6.0,2.0,14.0,0.0,10.0,2.0,2.0,1.0,0.0,1.0,0.0,0.0,0.0,0.0,0.0,0.0,1.0,1.0,0.0,0.0,0.0,live_action,kids,e785382b5d69efc151f8619d2ea528d46f92ce827d0094a8d0e817a72634b9f6,e785382b5d69efc151f8619d2ea528d46f92ce827d0094a8d0e817a72634b9f6,Goods,,0.0244870372787104,recall_35
recall_36,ДЕТСКИЙ МИР Супер ноябрь,4846579,Детский мир,Goods,2025-12-01,2025-12-14,734.7046,0.2417,1.3,0.04,0.28,0.0418797306689392,/Users/asekorneev/Downloads/Креативы конкуренты 2025/Детский мир/4846579H.AVI,0,standard,adrecall_v4,4846579H.AVI,True,ad_recall / ((trp / 1000) * sov_coeff); unrounded TRP,/Users/asekorneev/Documents/Work projects/AI-Pretest models/v3_adrecall/dataset_base_v4.parquet,True,,дeтcкиймиpcyпepнoябpь,10.0,1.0,2.0,2.0,2.0,3.0,1.0,0.0,0.0,20.0,0.0,10.0,1.0,0.0,1.0,1.0,1.0,0.0,0.0,0.0,0.0,0.0,0.0,0.0,1.0,0.0,0.0,0.0,animation,family,763c99bd4700447403980ae8dbb7f5b028dee274a788eb91147a600059d88762,763c99bd4700447403980ae8dbb7f5b028dee274a788eb91147a600059d88762,Goods,,0.0418797306689392,recall_36
recall_37,ДЕТСКИЙ МИР Товарное предложение,4724648,Детский мир,Goods,2025-01-27,2025-02-23,432.0642,0.9995,1.3,0.095,0.385,0.1691344089071093,/Users/asekorneev/Downloads/Креативы конкуренты 2025/Детский мир/4724648H.AVI,0,standard,adrecall_v4,4724648H.AVI,True,ad_recall / ((trp / 1000) * sov_coeff); unrounded TRP,/Users/asekorneev/Documents/Work projects/AI-Pretest models/v3_adrecall/dataset_base_v4.parquet,True,,дeтcкиймиpтoвapнoeпpeдлoжeниe,10.0,0.0,10.0,1.0,2.0,4.0,2.0,5.0,2.0,14.0,3.0,10.0,1.0,0.0,1.0,0.0,0.0,0.0,0.0,0.0,0.0,0.0,0.0,0.0,1.0,0.0,0.0,0.0,live_action,family,2225d13ba30018bbd6ef32aada0a7d41d82ce13219c43a062b7e0cd83eea1421,2225d13ba30018bbd6ef32aada0a7d41d82ce13219c43a062b7e0cd83eea1421,Goods,,0.1691344089071093,recall_37
recall_38,Детский мир_Покупайте подарки в ДМ TV,4737395,Детский мир,Goods,2025-03-24,2025-04-06,827.3416,0.4148,1.3,0.15,0.77,0.1394642979207323,/Users/asekorneev/Downloads/Креативы конкуренты 2025/Детский мир/4737395H.AVI,0,standard,adrecall_v4,4737395H.AVI,True,ad_recall / ((trp / 1000) * sov_coeff); unrounded TRP,/Users/asekorneev/Documents/Work projects/AI-Pretest models/v3_adrecall/dataset_base_v4.parquet,True,,дeтcкиймиpпoкyпaйтeпoдapкивдмtv,15.0,0.0,15.0,3.0,5.0,2.0,1.0,5.0,3.0,25.0,0.0,15.0,5.0,0.0,1.0,1.0,0.0,1.0,0.0,0.0,1.0,0.0,0.0,1.0,1.0,0.0,0.0,1.0,mixed,family,ebc911d6b90c0da1c875de22a7434e0d967407baa1892f53c6e7c46d3a64eb41,ebc911d6b90c0da1c875de22a7434e0d967407baa1892f53c6e7c46d3a64eb41,Goods,,0.1394642979207323,recall_38
recall_39,Домклик_ТВ,4761754,Домклик,RE,2025-05-19,2025-06-01,2184.1774,0.8812,1.3,0.11,0.07,0.0387401612228862,/Users/asekorneev/Downloads/Креативы конкуренты 2025/Домклик/4761754H.AVI,0,standard,adrecall_v4,4761754H.AVI,True,ad_recall / ((trp / 1000) * sov_coeff); unrounded TRP,/Users/asekorneev/Documents/Work projects/AI-Pretest models/v3_adrecall/dataset_base_v4.parquet,True,,дoмкликтв,10.0,0.0,10.0,3.0,2.0,3.0,2.0,3.0,4.0,21.0,0.0,10.0,2.0,3.0,0.0,1.0,0.0,1.0,0.0,1.0,0.0,0.0,0.0,1.0,0.0,0.0,0.0,0.0,live_action,adults,cdd0c8e65738fbeeea097da0bf94620b412ee4371e2a767cd5dc8b7e3a15b16d,cdd0c8e65738fbeeea097da0bf94620b412ee4371e2a767cd5dc8b7e3a15b16d,RE,,0.0387401612228862,recall_39
recall_40,Домклик. Идеальное комбо,4831382,Домклик,RE,2025-11-03,2025-11-16,2479.1737,0.6999,1.3,0.18,0.21,0.0558498738759363,/Users/asekorneev/Downloads/Креативы конкуренты 2025/Домклик/4831382H.AVI,0,standard,adrecall_v4,4831382H.AVI,True,ad_recall / ((trp / 1000) * sov_coeff); unrounded TRP,/Users/asekorneev/Documents/Work projects/AI-Pretest models/v3_adrecall/dataset_base_v4.parquet,True,,дoмкликидeaльнoeкoмбo,20.0,1.0,20.0,2.0,2.0,1.0,1.0,2.0,3.0,36.0,0.0,20.0,0.0,4.0,2.0,0.0,0.0,1.0,1.0,1.0,0.0,0.0,0.0,1.0,0.0,1.0,0.0,0.0,live_action,young_adults,85fd69731249ab53116eaa295487471af2f39ac12652f8f1689f7a57f169f357,85fd69731249ab53116eaa295487471af2f39ac12652f8f1689f7a57f169f357,RE,,0.0558498738759363,recall_40
recall_41,Дром. За запчастями иди на Дром,4823421,DROM.RU,Goods,2025-11-03,2025-11-16,1431.1907,0.9172,1.3,0.25,0.79,0.1343690203602442,/Users/asekorneev/Downloads/Креативы Авито+ конкуренты_2026/4823421H.AVI,0,standard,adrecall_v4,4823421H.AVI,True,ad_recall / ((trp / 1000) * sov_coeff); unrounded TRP,/Users/asekorneev/Documents/Work projects/AI-Pretest models/v3_adrecall/dataset_base_v4.parquet,True,,дpoмзaзaпчacтямиидинaдpoм,15.0,5.0,4.0,4.0,4.0,1.0,1.0,3.0,5.0,17.0,2.0,6.0,4.0,4.0,0.0,0.0,0.0,1.0,0.0,1.0,0.0,0.0,0.0,1.0,1.0,0.0,1.0,0.0,live_action,young_adults,bf3861e2aebb54637ccc56ba7417f02507e61460cba3a94a18191d5410ec9917,bf3861e2aebb54637ccc56ba7417f02507e61460cba3a94a18191d5410ec9917,Goods,,0.1343690203602442,recall_41
recall_42,М.ВИДЕО; ЭЛЬДОРАДО.RU Еще выгоднее,4867776,М.Видео / Эльдорадо,Goods,2025-12-15,2025-12-28,806.2461,0.3073,1.3,0.16,0.6,0.1526542864231195,"/Users/asekorneev/Downloads/Креативы конкуренты 2025/М.Видео, Эльдорадо/4867776H.AVI",0,standard,adrecall_v4,4867776H.AVI,True,ad_recall / ((trp / 1000) * sov_coeff); unrounded TRP,/Users/asekorneev/Documents/Work projects/AI-Pretest models/v3_adrecall/dataset_base_v4.parquet,True,,мвидeoэльдopaдorueщeвыгoднee,10.0,2.0,5.0,2.0,4.0,2.0,1.0,1.0,3.0,31.0,0.0,10.0,4.0,0.0,1.0,1.0,0.0,1.0,0.0,0.0,1.0,1.0,0.0,1.0,1.0,0.0,0.0,0.0,live_action,adults,bbbb04a883e9a54a6368b3ce85e04f63c1da4c7ea89a008e9c67a6484a817fb8,bbbb04a883e9a54a6368b3ce85e04f63c1da4c7ea89a008e9c67a6484a817fb8,Goods,,0.1526542864231195,recall_42
recall_43,М.ВИДЕО; ЭЛЬДОРАДО.RU White Friday,4792451,М.Видео / Эльдорадо,Goods,2025-03-17,2025-04-27,221.6865,0.2049,1.3,0.13,0.63,0.451087459092006,"/Users/asekorneev/Downloads/Креативы конкуренты 2025/М.Видео, Эльдорадо/4792451H.AVI",0,standard,adrecall_v4,4792451H.AVI,True,ad_recall / ((trp / 1000) * sov_coeff); unrounded TRP,/Users/asekorneev/Documents/Work projects/AI-Pretest models/v3_adrecall/dataset_base_v4.parquet,True,,мвидeoэльдopaдoruwhitefriday,10.0,1.0,10.0,1.0,4.0,2.0,1.0,2.0,0.0,22.0,0.0,10.0,4.0,0.0,1.0,1.0,0.0,1.0,0.0,0.0,0.0,1.0,0.0,1.0,1.0,0.0,0.0,0.0,live_action,adults,97bf50947819ca16981a2fbd9e6fea8b608f75381c70fd49307f8f3b4c5c08aa,97bf50947819ca16981a2fbd9e6fea8b608f75381c70fd49307f8f3b4c5c08aa,Goods,,0.451087459092006,recall_43
recall_44,Озон - Фантазируй распродажа,4736178,OZON,Goods,2025-03-10,2025-03-23,4512.5912,0.1903,1.3,0.46,0.87,0.0784130753625885,/Users/asekorneev/Downloads/Креативы конкуренты 2025/Ozon/4736178H.AVI,0,standard,adrecall_v4,4736178H.AVI,True,ad_recall / ((trp / 1000) * sov_coeff); unrounded TRP,/Users/asekorneev/Documents/Work projects/AI-Pretest models/v3_adrecall/dataset_base_v4.parquet,True,,oзoнфaнтaзиpyйpacпpoдaжa,15.0,0.0,9.0,1.0,0.0,4.0,1.0,2.0,7.0,25.0,0.0,6.0,0.0,0.0,3.0,0.0,0.0,0.0,1.0,0.0,1.0,1.0,0.0,0.0,1.0,0.0,0.0,0.0,live_action,adults,3d28b6d441eb64aef510c1afd2f67562ae0776616aced51126f53095d8ecdd00,3d28b6d441eb64aef510c1afd2f67562ae0776616aced51126f53095d8ecdd00,Goods,,0.0784130753625885,recall_44
recall_45,Озон на Озон,4755597,OZON,Goods,2025-05-05,2025-05-18,2504.4456,0.1759,1.2740298507462686,0.38,0.93,0.1190946877915287,/Users/asekorneev/Downloads/Креативы конкуренты 2025/Ozon/4755597H.AVI,0,standard,adrecall_v4,4755597H.AVI,True,ad_recall / ((trp / 1000) * sov_coeff); unrounded TRP,/Users/asekorneev/Documents/Work projects/AI-Pretest models/v3_adrecall/dataset_base_v4.parquet,True,,oзoннaoзoн,10.0,0.0,10.0,2.0,5.0,2.0,2.0,0.0,0.0,15.0,0.0,5.0,5.0,0.0,1.0,0.0,0.0,0.0,0.0,0.0,0.0,0.0,1.0,1.0,1.0,0.0,0.0,1.0,animation,unclear,98ea960b1af1978154b997d5638975173a0b111b9871f41725290178835e1cd4,98ea960b1af1978154b997d5638975173a0b111b9871f41725290178835e1cd4,Goods,,0.1190946877915287,recall_45
recall_46,Озон. День рождения (О!Распродажа),4788130,OZON,Goods,2025-06-30,2025-08-24,5063.0544,0.3263,1.3,0.5575,0.9525,0.0847010756681093,/Users/asekorneev/Downloads/Креативы конкуренты 2025/Ozon/4788130H.AVI,0,standard,adrecall_v4,4788130H.AVI,True,ad_recall / ((trp / 1000) * sov_coeff); unrounded TRP,/Users/asekorneev/Documents/Work projects/AI-Pretest models/v3_adrecall/dataset_base_v4.parquet,True,,oзoндeньpoждeнияopacпpoдaжa,15.0,0.0,15.0,3.0,3.0,4.0,2.0,4.0,2.0,25.0,0.0,15.0,3.0,0.0,2.0,1.0,1.0,0.0,0.0,0.0,1.0,1.0,1.0,1.0,1.0,0.0,0.0,1.0,mixed,mixed,a08a72cb1afcd7944466c42a1950d46e1f88d45f00b620f7d954fbc28a1ef22e,a08a72cb1afcd7944466c42a1950d46e1f88d45f00b620f7d954fbc28a1ef22e,Goods,,0.0847010756681093,recall_46
recall_47,Озон. Хотите,4812612,OZON,Job,2025-08-25,2025-09-07,1706.6369,1.0,1.3,0.2,0.79,0.0901458030388033,/Users/asekorneev/Downloads/Креативы конкуренты 2025/Ozon Job/4812612H.AVI,0,standard,adrecall_v4,4812612H.AVI,True,ad_recall / ((trp / 1000) * sov_coeff); unrounded TRP,/Users/asekorneev/Documents/Work projects/AI-Pretest models/v3_adrecall/dataset_base_v4.parquet,True,,oзoнxoтитe,10.0,0.0,10.0,1.0,2.0,4.0,1.0,4.0,0.0,18.0,0.0,10.0,2.0,0.0,1.0,0.0,0.0,0.0,0.0,0.0,0.0,0.0,0.0,1.0,1.0,0.0,0.0,0.0,mixed,adults,1a6a2c06b56c8a8f3e67230167b8519b07b2f627048c25944497b33627d06c90,1a6a2c06b56c8a8f3e67230167b8519b07b2f627048c25944497b33627d06c90,Job,,0.0901458030388033,recall_47
recall_48,СПОРТМАСТЕР Мы делаем спорт доступным,4805078,Спортмастер,Goods,2025-09-22,2025-10-05,1386.6179,0.1915,1.3,0.13,0.72,0.0721179208778424,/Users/asekorneev/Downloads/Креативы конкуренты 2025/Спортмастер/4805078H.AVI,0,standard,adrecall_v4,4805078H.AVI,True,ad_recall / ((trp / 1000) * sov_coeff); unrounded TRP,/Users/asekorneev/Documents/Work projects/AI-Pretest models/v3_adrecall/dataset_base_v4.parquet,True,,cпopтмacтepмыдeлaeмcпopтдocтyпным,10.0,0.0,10.0,2.0,2.0,1.0,1.0,0.0,0.0,25.0,0.0,10.0,2.0,8.0,2.0,1.0,1.0,0.0,0.0,0.0,0.0,0.0,0.0,1.0,1.0,0.0,0.0,0.0,live_action,kids,783f640d88cbeee2a1e109b8daafa4594d46d922b259f494a49f728ea4f9b879,783f640d88cbeee2a1e109b8daafa4594d46d922b259f494a49f728ea4f9b879,Goods,,0.0721179208778424,recall_48
recall_49,СПОРТМАСТЕР Распродабрь,4855939,Спортмастер,Goods,2025-12-01,2025-12-14,392.0666,0.3425,1.3,0.16,0.63,0.3139184084462259,/Users/asekorneev/Downloads/Креативы конкуренты 2025/Спортмастер/4855939H.AVI,0,standard,adrecall_v4,4855939H.AVI,True,ad_recall / ((trp / 1000) * sov_coeff); unrounded TRP,/Users/asekorneev/Documents/Work projects/AI-Pretest models/v3_adrecall/dataset_base_v4.parquet,True,,cпopтмacтeppacпpoдaбpь,10.0,0.0,10.0,1.0,2.0,1.0,1.0,0.0,0.0,25.0,0.0,8.0,2.0,0.0,2.0,0.0,1.0,0.0,0.0,0.0,0.0,0.0,1.0,0.0,1.0,0.0,0.0,0.0,animation,unclear,70d183caf7611dd4be9c7a9bc5d706fd8f26da66d51c589d12ee2874335108a0,70d183caf7611dd4be9c7a9bc5d706fd8f26da66d51c589d12ee2874335108a0,Goods,,0.3139184084462259,recall_49
recall_50,СПОРТМАСТЕР Спортмастер PRO,4774059,Спортмастер,Goods,2025-06-02,2025-06-29,1295.9904,0.5168,1.3,0.065,0.475,0.0385805326953039,/Users/asekorneev/Downloads/Креативы конкуренты 2025/Спортмастер/4774059H.AVI,0,standard,adrecall_v4,4774059H.AVI,True,ad_recall / ((trp / 1000) * sov_coeff); unrounded TRP,/Users/asekorneev/Documents/Work projects/AI-Pretest models/v3_adrecall/dataset_base_v4.parquet,True,,cпopтмacтepcпopтмacтeppro,20.0,0.0,5.0,2.0,2.0,4.0,2.0,3.0,4.0,34.0,0.0,19.0,2.0,3.0,0.0,1.0,1.0,0.0,0.0,0.0,1.0,1.0,0.0,0.0,0.0,0.0,0.0,0.0,live_action,mixed,5ce03ad1f966c57274221e32d4bf33d96caa645f5a4b1749e84926ef834bebd7,5ce03ad1f966c57274221e32d4bf33d96caa645f5a4b1749e84926ef834bebd7,Goods,,0.0385805326953039,recall_50
recall_51,СПОРТМАСТЕР Товары для рыбалки,4781997,Спортмастер,Goods,2025-07-14,2025-07-27,1052.3134,0.6406,1.3,0.14,0.52,0.102338626204235,/Users/asekorneev/Downloads/Креативы конкуренты 2025/Спортмастер/4781997H.AVI,0,standard,adrecall_v4,4781997H.AVI,True,ad_recall / ((trp / 1000) * sov_coeff); unrounded TRP,/Users/asekorneev/Documents/Work projects/AI-Pretest models/v3_adrecall/dataset_base_v4.parquet,True,,cпopтмacтepтoвapыдляpыбaлки,10.0,0.0,10.0,2.0,2.0,4.0,1.0,1.0,0.0,20.0,0.0,10.0,2.0,8.0,1.0,1.0,0.0,0.0,0.0,0.0,0.0,0.0,0.0,0.0,1.0,0.0,0.0,0.0,live_action,adults,cf0483b782aa6c034ecf5c4f6df32b0d8d70510f7ec4d1e9cbd736084b7cfdeb,cf0483b782aa6c034ecf5c4f6df32b0d8d70510f7ec4d1e9cbd736084b7cfdeb,Goods,,0.102338626204235,recall_51
recall_52,Суточно. Быстрое бронирование,4727072,Суточно,Travel,2026-02-09,2026-02-22,844.0,1.0,1.3,0.13,0.27,0.1184834123222748,/Users/asekorneev/Downloads/Креативы конкуренты 2025/СУТОЧНО РУ/4727072H.AVI,0,standard,adrecall_v4,4727072H.AVI,True,ad_recall / ((trp / 1000) * sov_coeff); unrounded TRP,/Users/asekorneev/Documents/Work projects/AI-Pretest models/v3_adrecall/dataset_base_v4.parquet,True,,cyтoчнoбыcтpoeбpoниpoвaниe,15.0,6.0,9.0,2.0,3.0,1.0,1.0,2.0,4.0,44.0,0.0,9.0,2.0,6.0,1.0,0.0,0.0,1.0,1.0,1.0,1.0,1.0,0.0,1.0,1.0,1.0,1.0,0.0,live_action,adults,8b60e5fb02cda4006e186644b6ec518dd704f52b0b0a8dcae1c6e502be86c657,8b60e5fb02cda4006e186644b6ec518dd704f52b0b0a8dcae1c6e502be86c657,Travel,,0.1184834123222748,recall_52
recall_53,Т Банк. Работа,4808276,Т-Банк,Job,2025-08-25,2025-09-07,1634.3865,0.3229,0.7153300841825432,0.18,0.76,0.1539611861922536,/Users/asekorneev/Downloads/Креативы конкуренты 2025/Т Банк работа/4808276H.AVI,0,standard,adrecall_v4,4808276H.AVI,True,ad_recall / ((trp / 1000) * sov_coeff); unrounded TRP,/Users/asekorneev/Documents/Work projects/AI-Pretest models/v3_adrecall/dataset_base_v4.parquet,True,,тбaнкpaбoтa,15.0,0.0,9.0,1.0,2.0,4.0,4.0,10.0,2.0,35.0,0.0,15.0,2.0,0.0,0.0,1.0,1.0,0.0,0.0,0.0,0.0,0.0,0.0,1.0,0.0,0.0,0.0,0.0,live_action,young_adults,3fc114e6471f397222ff755b168436891ff91e5d0930a29d17636d3af7012c0d,3fc114e6471f397222ff755b168436891ff91e5d0930a29d17636d3af7012c0d,Job,,0.1539611861922536,recall_53
recall_54,Т Банк. Стань частью команды_ТВ,4774762,Т-Банк,Job,2025-05-19,2025-06-15,1939.7226,0.8428,1.3,0.21,0.76,0.0832791562765013,/Users/asekorneev/Downloads/Креативы конкуренты 2025/Т Банк работа/4774762H.AVI,0,standard,adrecall_v4,4774762H.AVI,True,ad_recall / ((trp / 1000) * sov_coeff); unrounded TRP,/Users/asekorneev/Documents/Work projects/AI-Pretest models/v3_adrecall/dataset_base_v4.parquet,True,,тбaнкcтaньчacтьюкoмaндытв,15.0,0.0,15.0,3.0,5.0,6.0,4.0,0.0,0.0,35.0,0.0,15.0,3.0,0.0,1.0,1.0,1.0,0.0,0.0,0.0,0.0,0.0,0.0,1.0,0.0,0.0,0.0,0.0,animation,adults,7e3a745abcb3340bacc5565271cc10027f22eba71b3b2470d5cb23b35df05647,7e3a745abcb3340bacc5565271cc10027f22eba71b3b2470d5cb23b35df05647,Job,,0.0832791562765013,recall_54
recall_55,Т Путешествия. Проверенные отели_ТВ_1,4752364,Т Путешествия,RE (STR),2025-06-30,2025-07-13,2793.3556,0.3085,0.6691973969631235,0.27,0.5,0.1444386083397017,/Users/asekorneev/Downloads/Креативы конкуренты 2025/Т-ПУТЕШЕСТВИЯ/4752364H.AVI,0,standard,adrecall_v4,4752364H.AVI,True,ad_recall / ((trp / 1000) * sov_coeff); unrounded TRP,/Users/asekorneev/Documents/Work projects/AI-Pretest models/v3_adrecall/dataset_base_v4.parquet,True,,тпyтeшecтвияпpoвepeнныeoтeлитв1,30.0,0.0,15.0,3.0,3.0,4.0,3.0,4.0,5.0,45.0,0.0,15.0,3.0,5.0,2.0,1.0,0.0,1.0,0.0,0.0,0.0,0.0,0.0,1.0,1.0,0.0,0.0,0.0,live_action,young_adults,e16d63b8a2e729707c519369ac27649370d45553ade29cb991fe2d1bd1cabdfb,e16d63b8a2e729707c519369ac27649370d45553ade29cb991fe2d1bd1cabdfb,RE (STR),,0.1444386083397017,recall_55
recall_56,Т-Авто. Кэшбэк за топливо,4816356,Т-Авто,Auto,2025-10-06,2025-10-19,2216.8111,0.525,1.2171052631578947,0.28,0.75,0.1037770218915152,/Users/asekorneev/Downloads/Креативы конкуренты 2025/Т-Авто/4816356H.AVI,0,standard,adrecall_v4,4816356H.AVI,True,ad_recall / ((trp / 1000) * sov_coeff); unrounded TRP,/Users/asekorneev/Documents/Work projects/AI-Pretest models/v3_adrecall/dataset_base_v4.parquet,True,,тaвтoкэшбэкзaтoпливo,30.0,0.0,10.0,4.0,8.0,3.0,2.0,4.0,11.0,65.0,0.0,30.0,8.0,4.0,2.0,1.0,1.0,1.0,0.0,1.0,1.0,0.0,0.0,1.0,1.0,0.0,1.0,0.0,live_action,adults,7d47dd5f04de3738a8564861a4205120229f87726cfab7a6c83c44eff3e26669,7d47dd5f04de3738a8564861a4205120229f87726cfab7a6c83c44eff3e26669,Auto,,0.1037770218915152,recall_56
recall_57,Циан. 12 способов купить квартиру_ТВ,4697749,Циан,RE,2025-02-24,2025-03-09,750.9058,0.2951,0.6279614129663781,0.16,0.37,0.3393138335457391,/Users/asekorneev/Downloads/Креативы конкуренты 2025/Циан/4697749H.AVI,0,standard,adrecall_v4,4697749H.AVI,True,ad_recall / ((trp / 1000) * sov_coeff); unrounded TRP,/Users/asekorneev/Documents/Work projects/AI-Pretest models/v3_adrecall/dataset_base_v4.parquet,True,,циaн12cпocoбoвкyпитьквapтиpyтв,10.0,0.0,10.0,1.0,4.0,3.0,2.0,1.0,0.0,19.0,0.0,8.0,4.0,2.0,1.0,1.0,0.0,1.0,0.0,0.0,0.0,0.0,1.0,1.0,1.0,0.0,0.0,1.0,mixed,adults,06345e3d04dda6e18c95948390045569c38ceb77fe667af458034ae8d33eb34a,06345e3d04dda6e18c95948390045569c38ceb77fe667af458034ae8d33eb34a,RE,,0.3393138335457391,recall_57
recall_58,Циан. Консультант по новостройкам,4872605,Циан,RE,2025-12-15,2025-12-28,692.5143,0.3906,0.9614374794880208,0.11,0.27,0.1652124955431798,/Users/asekorneev/Downloads/Креативы Авито+ конкуренты_2026/4872605H.AVI,0,standard,adrecall_v4,4872605H.AVI,True,ad_recall / ((trp / 1000) * sov_coeff); unrounded TRP,/Users/asekorneev/Documents/Work projects/AI-Pretest models/v3_adrecall/dataset_base_v4.parquet,True,,циaнкoнcyльтaнтпoнoвocтpoйкaм,15.0,0.0,15.0,1.0,4.0,4.0,2.0,2.0,3.0,26.0,0.0,10.0,4.0,0.0,1.0,0.0,0.0,1.0,0.0,0.0,1.0,0.0,1.0,1.0,0.0,1.0,1.0,0.0,live_action,adults,014960e74578516603880b32b0751b2fce046a951e9eeaafe9208f5e1ded0d8d,014960e74578516603880b32b0751b2fce046a951e9eeaafe9208f5e1ded0d8d,RE,,0.1652124955431798,recall_58
recall_59,"Циан. Удобно найти то, что ищете",4876741,Циан,RE,2025-10-20,2025-11-02,746.6261,0.1588,0.2831669044222539,0.14,0.44,0.6621896293920084,/Users/asekorneev/Downloads/Креативы Авито+ конкуренты_2026/4876741.AVI,0,standard,adrecall_v4,4876741.AVI,True,ad_recall / ((trp / 1000) * sov_coeff); unrounded TRP,/Users/asekorneev/Documents/Work projects/AI-Pretest models/v3_adrecall/dataset_base_v4.parquet,True,,циaнyдoбнoнaйтитoчтoищeтe,15.0,0.0,15.0,2.0,5.0,3.0,2.0,2.0,0.0,25.0,0.0,15.0,5.0,10.0,0.0,1.0,0.0,0.0,0.0,0.0,0.0,0.0,1.0,1.0,0.0,0.0,0.0,0.0,live_action,adults,6ec43a4a4292a4debb614c170fb4ea88b1bf025291bba6e56c99178b04f5d102,6ec43a4a4292a4debb614c170fb4ea88b1bf025291bba6e56c99178b04f5d102,RE,,0.6621896293920084,recall_59
recall_60,Яндекс Еда,4881658,Яндекс Еда,Job,2025-08-11,2025-08-24,3297.0355,0.7745,1.3,0.26,0.82,0.0606605540037406,/Users/asekorneev/Downloads/Креативы Авито+ конкуренты_2026/4881658H.AVI,0,standard,adrecall_v4,4881658H.AVI,True,ad_recall / ((trp / 1000) * sov_coeff); unrounded TRP,/Users/asekorneev/Documents/Work projects/AI-Pretest models/v3_adrecall/dataset_base_v4.parquet,True,,яндeкceдa,15.0,0.0,15.0,1.0,3.0,6.0,5.0,5.0,2.0,45.0,0.0,15.0,3.0,5.0,0.0,0.0,1.0,0.0,0.0,0.0,0.0,0.0,0.0,0.0,0.0,0.0,0.0,0.0,live_action,young_adults,14fb7fb0e649210733a84f00c8f173272039d78dd9e7130fc6cbcc9997452c0f,14fb7fb0e649210733a84f00c8f173272039d78dd9e7130fc6cbcc9997452c0f,Job,,0.0606605540037406,recall_60
recall_61,Яндекс_Еда_ТВ_15сек,4879157,Яндекс Еда,Job,2026-02-23,2026-03-08,1450.232,0.9957,1.3,0.26,0.83,0.137908969047711,/Users/asekorneev/Downloads/Креативы Авито+ конкуренты_2026/4879157H.AVI,0,standard,adrecall_v4,4879157H.AVI,True,ad_recall / ((trp / 1000) * sov_coeff); unrounded TRP,/Users/asekorneev/Documents/Work projects/AI-Pretest models/v3_adrecall/dataset_base_v4.parquet,True,,яндeкceдaтв15ceк,15.0,0.0,15.0,1.0,4.0,6.0,5.0,5.0,2.0,42.0,0.0,6.0,4.0,11.0,0.0,0.0,1.0,0.0,0.0,0.0,0.0,0.0,0.0,1.0,0.0,0.0,0.0,0.0,live_action,young_adults,24016f39850f5b22f34f9635c2c8c0fe68f2a11e698ad0f7acbdf628954bb372,24016f39850f5b22f34f9635c2c8c0fe68f2a11e698ad0f7acbdf628954bb372,Job,,0.137908969047711,recall_61
recall_62,ЯНДЕКС.МАРКЕТ Ролик посвящается_Диван,4725463,Яндекс Маркет,Goods,2025-01-27,2025-02-23,759.1808,0.3558,1.3,0.2,0.35,0.2026475825602463,/Users/asekorneev/Downloads/Креативы конкуренты 2025/Яндекс Маркет/4725463H.AVI,0,standard,adrecall_v4,4725463H.AVI,True,ad_recall / ((trp / 1000) * sov_coeff); unrounded TRP,/Users/asekorneev/Documents/Work projects/AI-Pretest models/v3_adrecall/dataset_base_v4.parquet,True,,яндeкcмapкeтpoликпocвящaeтcядивaн,20.0,0.0,20.0,2.0,5.0,1.0,1.0,1.0,0.0,35.0,0.0,20.0,5.0,0.0,1.0,0.0,0.0,1.0,0.0,0.0,1.0,0.0,0.0,0.0,1.0,0.0,0.0,0.0,live_action,adults,a5ed6c752b1362495247196cd92167fe23c309041120bf0cf15cdeac9814710b,a5ed6c752b1362495247196cd92167fe23c309041120bf0cf15cdeac9814710b,Goods,,0.2026475825602463,recall_62
recall_63,DROM.RU За запчастями иди на Дром,4823421,DROM.RU,Goods,2026-02-23,2026-03-08,958.5414,1.0,1.3,0.28,0.65,0.2247003784965525,/Users/asekorneev/Downloads/Креативы Авито+ конкуренты_2026/4823421H.AVI,0,standard,adrecall_v4,4823421H.AVI,True,ad_recall / ((trp / 1000) * sov_coeff); unrounded TRP,/Users/asekorneev/Documents/Work projects/AI-Pretest models/v3_adrecall/dataset_base_v4.parquet,True,,dromruзaзaпчacтямиидинaдpoм,15.0,5.0,4.0,4.0,4.0,1.0,1.0,3.0,5.0,17.0,2.0,6.0,4.0,4.0,0.0,0.0,0.0,1.0,0.0,1.0,0.0,0.0,0.0,1.0,1.0,0.0,1.0,0.0,,,bf3861e2aebb54637ccc56ba7417f02507e61460cba3a94a18191d5410ec9917,bf3861e2aebb54637ccc56ba7417f02507e61460cba3a94a18191d5410ec9917,Goods,,0.2247003784965525,recall_63
recall_64,FAMILIA Бренд контроль,4746349,Familia,Goods,2025-04-07,2025-04-20,930.7293,0.1377,1.0439336657775715,0.06,0.49,0.0617525592450421,/Users/asekorneev/Downloads/Креативы конкуренты 2025/Familia/4746349H.AVI,0,standard,adrecall_v4,4746349H.AVI,True,ad_recall / ((trp / 1000) * sov_coeff); unrounded TRP,/Users/asekorneev/Documents/Work projects/AI-Pretest models/v3_adrecall/dataset_base_v4.parquet,True,,familiaбpeндкoнтpoль,10.0,0.0,10.0,0.0,3.0,4.0,1.0,6.0,2.0,24.0,0.0,10.0,2.0,0.0,0.0,0.0,1.0,1.0,0.0,0.0,1.0,1.0,0.0,0.0,0.0,0.0,0.0,0.0,live_action,adults,0ab56ebf21899536c8d63d28cf248f2841bbc0c9fbc70c48f0354127b5470822,0ab56ebf21899536c8d63d28cf248f2841bbc0c9fbc70c48f0354127b5470822,Goods,,0.0617525592450421,recall_64
recall_65,FUN DAY Fun Day,4772366,FUN DAY,Goods,2025-06-02,2025-06-29,1186.7641,0.2338,1.3,0.06,0.275,0.0388904974070635,/Users/asekorneev/Downloads/Креативы конкуренты 2025/Fun day/4772366H.AVI,0,standard,adrecall_v4,4772366H.AVI,True,ad_recall / ((trp / 1000) * sov_coeff); unrounded TRP,/Users/asekorneev/Documents/Work projects/AI-Pretest models/v3_adrecall/dataset_base_v4.parquet,True,,fundayfunday,15.0,0.0,15.0,4.0,3.0,1.0,1.0,8.0,5.0,25.0,0.0,15.0,3.0,15.0,1.0,0.0,1.0,0.0,1.0,0.0,1.0,0.0,1.0,0.0,1.0,0.0,0.0,0.0,live_action,mixed,55555e7907d5578c9fb9eee51bb68015e003a28156d411bb73fd9a7c8bfcfc3e,55555e7907d5578c9fb9eee51bb68015e003a28156d411bb73fd9a7c8bfcfc3e,Goods,,0.0388904974070635,recall_65
recall_66,GLORIA JEANS Скидки до 60%,4863213,Gloria Jeans,Goods,2026-01-26,2026-02-08,2707.0227,0.6447,1.3,0.18,0.52,0.0511490127000185,/Users/asekorneev/Downloads/Креативы конкуренты 2025/Gloria jeans/4863213H.AVI,0,standard,adrecall_v4,4863213H.AVI,True,ad_recall / ((trp / 1000) * sov_coeff); unrounded TRP,/Users/asekorneev/Documents/Work projects/AI-Pretest models/v3_adrecall/dataset_base_v4.parquet,True,,gloriajeanscкидкидo60,15.0,0.0,15.0,1.0,4.0,1.0,1.0,2.0,3.0,35.0,0.0,15.0,4.0,11.0,1.0,0.0,1.0,1.0,0.0,1.0,0.0,1.0,0.0,0.0,1.0,0.0,0.0,0.0,live_action,young_adults,59637ee4091494ad05bffc8eacfe1abe4faa8f3e0f8f2b5785b8375eb2533625,59637ee4091494ad05bffc8eacfe1abe4faa8f3e0f8f2b5785b8375eb2533625,Goods,,0.0511490127000185,recall_66
recall_67,HH. Женщина в мастерской B2B_ТВ,4761387,HH,Job,2025-09-08,2025-09-21,2176.1977,0.1408,0.2458100558659218,0.17,0.73,0.3177978310936129,/Users/asekorneev/Downloads/Креативы конкуренты 2025/HH/4761387H.AVI,0,standard,adrecall_v4,4761387H.AVI,True,ad_recall / ((trp / 1000) * sov_coeff); unrounded TRP,/Users/asekorneev/Documents/Work projects/AI-Pretest models/v3_adrecall/dataset_base_v4.parquet,True,,hhжeнщинaвмacтepcкoйb2bтв,20.0,0.0,20.0,2.0,4.0,2.0,1.0,4.0,0.0,35.0,0.0,9.0,4.0,4.0,0.0,1.0,0.0,1.0,0.0,0.0,0.0,0.0,0.0,1.0,0.0,1.0,1.0,0.0,live_action,adults,cc770f35fd31ef2993947b716792bb08392be715a47d5da7f34fc2895d95c473,cc770f35fd31ef2993947b716792bb08392be715a47d5da7f34fc2895d95c473,Job,,0.3177978310936129,recall_67
recall_68,HH. Механик авто_ТВ,4752963,HH,Job,2025-03-24,2025-08-24,781.6149,0.1145,0.1939582156973461,0.1033,0.3467,0.681395579087636,/Users/asekorneev/Downloads/Креативы конкуренты 2025/HH/4752963H.AVI,0,standard,adrecall_v4,4752963H.AVI,True,ad_recall / ((trp / 1000) * sov_coeff); unrounded TRP,/Users/asekorneev/Documents/Work projects/AI-Pretest models/v3_adrecall/dataset_base_v4.parquet,True,,hhмexaникaвтoтв,20.0,0.0,20.0,2.0,4.0,3.0,2.0,4.0,3.0,30.0,0.0,12.0,4.0,0.0,0.0,1.0,0.0,1.0,0.0,1.0,0.0,0.0,0.0,0.0,0.0,1.0,1.0,0.0,live_action,adults,501326f4c84ec6981397435233eba0a6a21af8ee4dd18eb95fde10b101296b2c,501326f4c84ec6981397435233eba0a6a21af8ee4dd18eb95fde10b101296b2c,Job,,0.681395579087636,recall_68
recall_69,HH. Подходящие вакансии,4880884,HH,Job,2026-02-09,2026-04-19,4506.7333,0.5575,1.29364406779661,0.2367,0.67,0.0405995853890977,/Users/asekorneev/Downloads/Креативы Авито+ конкуренты_2026/4880884H.AVI,0,standard,adrecall_v4,4880884H.AVI,True,ad_recall / ((trp / 1000) * sov_coeff); unrounded TRP,/Users/asekorneev/Documents/Work projects/AI-Pretest models/v3_adrecall/dataset_base_v4.parquet,True,,hhпoдxoдящиeвaкaнcии,20.0,0.0,20.0,2.0,4.0,4.0,3.0,9.0,4.0,45.0,0.0,4.0,2.0,2.0,1.0,1.0,0.0,1.0,1.0,1.0,0.0,0.0,0.0,1.0,1.0,1.0,1.0,0.0,live_action,adults,0cf3c1574333a541aa8feea02f9a7c99121df91c16eb2238fd1e3ff9ada3c104,0cf3c1574333a541aa8feea02f9a7c99121df91c16eb2238fd1e3ff9ada3c104,Job,,0.0405995853890977,recall_69
recall_70,HH. Рабочий B2C_ТВ,4752962,HH,Job,2025-09-08,2025-10-19,2871.9649,0.1842,0.3386859524393233,0.19,0.645,0.1953337506718145,/Users/asekorneev/Downloads/Креативы конкуренты 2025/HH/4752962H.AVI,0,standard,adrecall_v4,4752962H.AVI,True,ad_recall / ((trp / 1000) * sov_coeff); unrounded TRP,/Users/asekorneev/Documents/Work projects/AI-Pretest models/v3_adrecall/dataset_base_v4.parquet,True,,hhpaбoчийb2cтв,20.0,0.0,20.0,2.0,4.0,3.0,3.0,2.0,3.0,25.0,1.0,9.0,4.0,5.0,0.0,1.0,0.0,1.0,0.0,0.0,0.0,0.0,0.0,1.0,0.0,0.0,1.0,0.0,live_action,adults,6cd72632f93a291a26fb4fc6d5806f9eabf55f927b17b34c20160831c09b1d43,6cd72632f93a291a26fb4fc6d5806f9eabf55f927b17b34c20160831c09b1d43,Job,,0.1953337506718145,recall_70
recall_71,HH. Рабочий_ТВ,4752962,HH,Job,2025-03-24,2025-11-16,722.2218,0.1217,0.2078446999886143,0.116,0.5,0.772766775012607,/Users/asekorneev/Downloads/Креативы конкуренты 2025/HH/4752962H.AVI,0,standard,adrecall_v4,4752962H.AVI,True,ad_recall / ((trp / 1000) * sov_coeff); unrounded TRP,/Users/asekorneev/Documents/Work projects/AI-Pretest models/v3_adrecall/dataset_base_v4.parquet,True,,hhpaбoчийтв,20.0,0.0,20.0,2.0,4.0,4.0,3.0,3.0,5.0,25.0,1.0,10.0,4.0,5.0,0.0,1.0,0.0,1.0,0.0,0.0,1.0,0.0,0.0,1.0,0.0,1.0,1.0,0.0,live_action,adults,6cd72632f93a291a26fb4fc6d5806f9eabf55f927b17b34c20160831c09b1d43,6cd72632f93a291a26fb4fc6d5806f9eabf55f927b17b34c20160831c09b1d43,Job,,0.772766775012607,recall_71
recall_72,HH. Склад_ТВ,4752961,HH,Job,2025-03-24,2025-08-24,774.6736,0.1135,0.1920473773265651,0.1167,0.5333,0.7844110797968065,/Users/asekorneev/Downloads/Креативы конкуренты 2025/HH/4752961H.AVI,0,standard,adrecall_v4,4752961H.AVI,True,ad_recall / ((trp / 1000) * sov_coeff); unrounded TRP,/Users/asekorneev/Documents/Work projects/AI-Pretest models/v3_adrecall/dataset_base_v4.parquet,True,,hhcклaдтв,20.0,0.0,20.0,2.0,4.0,3.0,2.0,1.0,3.0,29.0,0.0,10.0,4.0,5.0,0.0,1.0,0.0,1.0,0.0,0.0,0.0,0.0,0.0,0.0,0.0,1.0,1.0,0.0,live_action,adults,273bc2e4fa8f405e4fe4add6fbaac951d18250315a3e7d0d331b4eec252d932b,273bc2e4fa8f405e4fe4add6fbaac951d18250315a3e7d0d331b4eec252d932b,Job,,0.7844110797968065,recall_72
recall_73,HH.ru / Склад / B2B,4777265,HH,Job,2025-08-11,2025-08-24,565.192,0.1172,0.1991391028545536,0.1,0.59,0.8884795736895459,/Users/asekorneev/Downloads/Креативы конкуренты 2025/HH/4777265H.AVI,0,standard,adrecall_v4,4777265H.AVI,True,ad_recall / ((trp / 1000) * sov_coeff); unrounded TRP,/Users/asekorneev/Documents/Work projects/AI-Pretest models/v3_adrecall/dataset_base_v4.parquet,True,,hhrucклaдb2b,10.0,0.0,10.0,2.0,4.0,2.0,1.0,1.0,0.0,16.0,0.0,10.0,4.0,6.0,0.0,1.0,0.0,1.0,0.0,0.0,1.0,1.0,0.0,0.0,0.0,0.0,1.0,0.0,live_action,adults,9da0db5b59a3dccb8a07e93055daa6a170ba58dfbba5988fe16ea029286a8565,9da0db5b59a3dccb8a07e93055daa6a170ba58dfbba5988fe16ea029286a8565,Job,,0.8884795736895459,recall_73
recall_74,LAMODA Твой гид по стилю,4815993,Lamoda,Goods,2025-10-06,2025-10-19,2215.4137,0.1932,1.3,0.06,0.5,0.020833059827086,/Users/asekorneev/Downloads/Креативы конкуренты 2025/Lamoda/4815993H.AVI,0,standard,adrecall_v4,4815993H.AVI,True,ad_recall / ((trp / 1000) * sov_coeff); unrounded TRP,/Users/asekorneev/Documents/Work projects/AI-Pretest models/v3_adrecall/dataset_base_v4.parquet,True,,lamodaтвoйгидпocтилю,15.0,0.0,15.0,3.0,3.0,4.0,4.0,5.0,4.0,16.0,0.0,15.0,3.0,2.0,1.0,0.0,1.0,0.0,0.0,0.0,0.0,1.0,0.0,0.0,0.0,0.0,0.0,0.0,live_action,young_adults,b35b7bc673749ba14df418321f1b0ff343bcd1784410815f37285da36f8495b2,b35b7bc673749ba14df418321f1b0ff343bcd1784410815f37285da36f8495b2,Goods,,0.020833059827086,recall_74
recall_75,LAMODA.RU AI Ассистент,4882398,Lamoda,Goods,2026-03-09,2026-04-19,2050.341,0.5542,1.3,0.1167,0.7367,0.0437825858085219,/Users/asekorneev/Downloads/Креативы Авито+ конкуренты_2026/4882398H.AVI,0,standard,adrecall_v4,4882398H.AVI,True,ad_recall / ((trp / 1000) * sov_coeff); unrounded TRP,/Users/asekorneev/Documents/Work projects/AI-Pretest models/v3_adrecall/dataset_base_v4.parquet,True,,lamodaruaiaccиcтeнт,20.0,0.0,6.0,2.0,3.0,2.0,1.0,1.0,4.0,31.0,2.0,10.0,2.0,5.0,0.0,1.0,0.0,1.0,0.0,0.0,0.0,1.0,0.0,1.0,0.0,0.0,0.0,0.0,live_action,young_adults,2d878d5cfd0d3648ea9f5d0b6a071eced5c90ad6963829b926e480e05c80b20e,2d878d5cfd0d3648ea9f5d0b6a071eced5c90ad6963829b926e480e05c80b20e,Goods,,0.0437825858085219,recall_75
recall_76,LAMODA.RU Laспродажа,4769282,Lamoda,Goods,2025-06-02,2025-08-24,4710.7443,0.3316,1.3,0.24,0.87,0.0391902792548907,/Users/asekorneev/Downloads/Креативы конкуренты 2025/Lamoda/4769282H.AVI,0,standard,adrecall_v4,4769282H.AVI,True,ad_recall / ((trp / 1000) * sov_coeff); unrounded TRP,/Users/asekorneev/Documents/Work projects/AI-Pretest models/v3_adrecall/dataset_base_v4.parquet,True,,lamodarulacпpoдaжa,10.0,0.0,10.0,2.0,3.0,3.0,2.0,2.0,0.0,22.0,0.0,10.0,3.0,0.0,1.0,1.0,0.0,0.0,1.0,0.0,0.0,0.0,0.0,1.0,1.0,0.0,0.0,0.0,mixed,young_adults,07b5adf08aa0f6ec0de5f7295516bc94f088deee14ba35860a65bb7a56522e54,07b5adf08aa0f6ec0de5f7295516bc94f088deee14ba35860a65bb7a56522e54,Goods,,0.0391902792548907,recall_76
recall_77,Ozon - Осенняя распродажа одежды,4829233,OZON,Goods,2025-11-17,2025-11-30,2243.3102,0.1635,1.197035265989241,0.15,0.78,0.0558592348661509,/Users/asekorneev/Downloads/Креативы конкуренты 2025/Ozon/4829233H.AVI,0,standard,adrecall_v4,4829233H.AVI,True,ad_recall / ((trp / 1000) * sov_coeff); unrounded TRP,/Users/asekorneev/Documents/Work projects/AI-Pretest models/v3_adrecall/dataset_base_v4.parquet,True,,ozonoceнняяpacпpoдaжaoдeжды,10.0,0.0,10.0,1.0,6.0,3.0,2.0,2.0,0.0,15.0,0.0,10.0,3.0,6.0,2.0,0.0,0.0,0.0,0.0,0.0,1.0,1.0,1.0,0.0,1.0,0.0,0.0,0.0,live_action,adults,78b3c43323268981f34ff9dce47211ab175a88b85d2807a50f26d4211071c92c,78b3c43323268981f34ff9dce47211ab175a88b85d2807a50f26d4211071c92c,Goods,,0.0558592348661509,recall_77
recall_78,Ozon - Руки загребуки (11.11),4841433,OZON,Goods,2025-11-17,2025-12-14,6793.0,0.5066,1.3,0.565,0.93,0.0639798887995561,/Users/asekorneev/Downloads/Креативы конкуренты 2025/Ozon/4841433H.AVI,0,standard,adrecall_v4,4841433H.AVI,True,ad_recall / ((trp / 1000) * sov_coeff); unrounded TRP,/Users/asekorneev/Documents/Work projects/AI-Pretest models/v3_adrecall/dataset_base_v4.parquet,False,,ozonpyкизaгpeбyки1111,,,,,,,,,,,,,,,,,,,,,,,,,,,,,,,e3b0c44298fc1c149afbf4c8996fb92427ae41e4649b934ca495991b7852b855,e3b0c44298fc1c149afbf4c8996fb92427ae41e4649b934ca495991b7852b855,Goods,,0.0639798887995561,recall_78
recall_79,Ozon - Товары нарасхват,4736589,OZON,Goods,2025-03-10,2025-03-23,1657.429,0.3416,1.3,0.41,0.85,0.1902854453401113,/Users/asekorneev/Downloads/Креативы конкуренты 2025/Ozon/4736589H.AVI,0,standard,adrecall_v4,4736589H.AVI,True,ad_recall / ((trp / 1000) * sov_coeff); unrounded TRP,/Users/asekorneev/Documents/Work projects/AI-Pretest models/v3_adrecall/dataset_base_v4.parquet,True,,ozonтoвapынapacxвaт,10.0,0.0,10.0,1.0,2.0,2.0,1.0,1.0,2.0,20.0,0.0,10.0,2.0,0.0,1.0,0.0,0.0,0.0,0.0,0.0,1.0,1.0,0.0,1.0,1.0,0.0,0.0,0.0,mixed,adults,f6c1abb676f4f00db3f95994be31b5c00c3860f567e376ba26907f22e41d07cc,f6c1abb676f4f00db3f95994be31b5c00c3860f567e376ba26907f22e41d07cc,Goods,,0.1902854453401113,recall_79
recall_80,OZON Большая распродажа одежды,4795654,OZON,Goods,2025-08-11,2025-08-24,2277.9572,0.2346,1.3,0.18,0.87,0.060783204557811,/Users/asekorneev/Downloads/Креативы конкуренты 2025/Ozon/4795654H.AVI,0,standard,adrecall_v4,4795654H.AVI,True,ad_recall / ((trp / 1000) * sov_coeff); unrounded TRP,/Users/asekorneev/Documents/Work projects/AI-Pretest models/v3_adrecall/dataset_base_v4.parquet,True,,ozonбoльшaяpacпpoдaжaoдeжды,10.0,0.0,10.0,1.0,6.0,4.0,2.0,10.0,2.0,21.0,0.0,6.0,6.0,6.0,2.0,0.0,1.0,0.0,0.0,0.0,1.0,1.0,1.0,0.0,1.0,0.0,0.0,0.0,live_action,mixed,7e6ce71420f99e28621e2308fac80dcb818367ecf1097ea035e09c0dad65018d,7e6ce71420f99e28621e2308fac80dcb818367ecf1097ea035e09c0dad65018d,Goods,,0.060783204557811,recall_80
recall_81,OZON Призоловля,4768594,OZON,Goods,2025-05-19,2025-06-01,1179.8203,0.5312,1.3,0.27,0.91,0.1760372386305843,/Users/asekorneev/Downloads/Креативы конкуренты 2025/Ozon/4768594H.AVI,0,standard,adrecall_v4,4768594H.AVI,True,ad_recall / ((trp / 1000) * sov_coeff); unrounded TRP,/Users/asekorneev/Documents/Work projects/AI-Pretest models/v3_adrecall/dataset_base_v4.parquet,True,,ozonпpизoлoвля,10.0,0.0,10.0,1.0,2.0,1.0,1.0,0.0,0.0,18.0,0.0,10.0,2.0,0.0,2.0,1.0,1.0,0.0,0.0,0.0,0.0,0.0,0.0,0.0,1.0,0.0,0.0,0.0,animation,unclear,c57ebfcbddc341efea66d444d200b09cd326597a39373b34829706171663667b,c57ebfcbddc341efea66d444d200b09cd326597a39373b34829706171663667b,Goods,,0.1760372386305843,recall_81
recall_82,OZON Финальная распродажа года,4866421,OZON,Goods,2026-01-26,2026-02-08,5146.5351,0.202,1.3,0.39,0.91,0.058291645577235,/Users/asekorneev/Downloads/Креативы конкуренты 2025/Ozon/4866421H.AVI,0,standard,adrecall_v4,4866421H.AVI,True,ad_recall / ((trp / 1000) * sov_coeff); unrounded TRP,/Users/asekorneev/Documents/Work projects/AI-Pretest models/v3_adrecall/dataset_base_v4.parquet,True,,ozonфинaльнaяpacпpoдaжaгoдa,10.0,0.0,10.0,3.0,4.0,2.0,1.0,3.0,1.0,19.0,0.0,10.0,4.0,0.0,1.0,1.0,0.0,1.0,0.0,0.0,1.0,1.0,1.0,1.0,1.0,0.0,0.0,0.0,live_action,mixed,3906e313ad4c2705011fee0f6adf0d1bcb8781ed1c3ed87ba61e7137c47bd786,3906e313ad4c2705011fee0f6adf0d1bcb8781ed1c3ed87ba61e7137c47bd786,Goods,,0.058291645577235,recall_82
recall_83,OZON Черная пятница на Озон,4851969,OZON,Goods,2025-12-01,2025-12-28,6714.0,0.2866,1.3,0.375,0.88,0.0429641850553378,/Users/asekorneev/Downloads/Креативы конкуренты 2025/Ozon/4851969H.AVI,0,standard,adrecall_v4,4851969H.AVI,True,ad_recall / ((trp / 1000) * sov_coeff); unrounded TRP,/Users/asekorneev/Documents/Work projects/AI-Pretest models/v3_adrecall/dataset_base_v4.parquet,True,,ozonчepнaяпятницaнaoзoн,25.0,0.0,25.0,2.0,9.0,4.0,2.0,4.0,5.0,45.0,0.0,25.0,4.0,0.0,3.0,0.0,1.0,0.0,0.0,0.0,1.0,1.0,1.0,0.0,1.0,0.0,0.0,1.0,mixed,adults,d9c0197d175534d4ac2b9a5a93986381e35750b441a9a6f68c9335830be4ce91,d9c0197d175534d4ac2b9a5a93986381e35750b441a9a6f68c9335830be4ce91,Goods,,0.0429641850553378,recall_83
recall_84,OZON Школьный сезон,4815437,OZON,Goods,2025-10-06,2025-10-19,3216.0275,0.1595,1.1726829268292684,0.18,0.82,0.0477278805522378,/Users/asekorneev/Downloads/Креативы конкуренты 2025/Ozon/4815437H.AVI,0,standard,adrecall_v4,4815437H.AVI,True,ad_recall / ((trp / 1000) * sov_coeff); unrounded TRP,/Users/asekorneev/Documents/Work projects/AI-Pretest models/v3_adrecall/dataset_base_v4.parquet,True,,ozonшкoльныйceзoн,10.0,0.0,10.0,1.0,2.0,5.0,5.0,18.0,2.0,20.0,0.0,10.0,1.0,0.0,0.0,0.0,1.0,0.0,0.0,0.0,1.0,1.0,0.0,1.0,0.0,0.0,0.0,0.0,live_action,family,6eefd8689e8af52a3d27bfd47b9527feaf62c543c513eee166c866dd3cc5dfe0,6eefd8689e8af52a3d27bfd47b9527feaf62c543c513eee166c866dd3cc5dfe0,Goods,,0.0477278805522378,recall_84
recall_85,Wildberries - Киберпонедельник,4731522,Wildberries,Goods,2025-03-10,2025-03-23,1708.7886,0.5482,1.3,0.07,0.64,0.0315113021272226,/Users/asekorneev/Downloads/Креативы конкуренты 2025/Wildberries/4731522H.AVI,0,standard,adrecall_v4,4731522H.AVI,True,ad_recall / ((trp / 1000) * sov_coeff); unrounded TRP,/Users/asekorneev/Documents/Work projects/AI-Pretest models/v3_adrecall/dataset_base_v4.parquet,True,,wildberriesкибepпoнeдeльник,15.0,0.0,15.0,2.0,4.0,5.0,1.0,0.0,0.0,25.0,0.0,15.0,4.0,0.0,2.0,0.0,1.0,0.0,0.0,0.0,0.0,0.0,0.0,1.0,1.0,0.0,0.0,0.0,animation,mixed,9e4b3448c2318d284ec5baab20c93fb430ba74ea0a07af2e44fecbba4f72a523,9e4b3448c2318d284ec5baab20c93fb430ba74ea0a07af2e44fecbba4f72a523,Goods,,0.0315113021272226,recall_85
recall_86,Wildberries Гонка за скидками,4807080,Wildberries,Goods,2025-09-08,2025-10-05,2170.5266,0.8581,1.3,0.115,0.86,0.0407557956034901,/Users/asekorneev/Downloads/Креативы конкуренты 2025/Wildberries/4807080H.AVI,0,standard,adrecall_v4,4807080H.AVI,True,ad_recall / ((trp / 1000) * sov_coeff); unrounded TRP,/Users/asekorneev/Documents/Work projects/AI-Pretest models/v3_adrecall/dataset_base_v4.parquet,True,,wildberriesгoнкaзacкидкaми,10.0,0.0,10.0,3.0,2.0,4.0,3.0,6.0,2.0,22.0,0.0,10.0,2.0,0.0,1.0,0.0,1.0,0.0,0.0,0.0,0.0,0.0,0.0,0.0,1.0,0.0,0.0,0.0,live_action,family,248aea231daf6d3cd9e98b07af39ade105729e26b6240bc9e03c41a7bf49f4b8,248aea231daf6d3cd9e98b07af39ade105729e26b6240bc9e03c41a7bf49f4b8,Goods,,0.0407557956034901,recall_86
recall_87,WILDBERRIES ДР WB,4829703,Wildberries,Goods,2025-12-01,2025-12-14,1720.6994,0.1923,1.3,0.25,0.88,0.1117613525684336,/Users/asekorneev/Downloads/Креативы конкуренты 2025/Wildberries/4829703H.AVI,0,standard,adrecall_v4,4829703H.AVI,True,ad_recall / ((trp / 1000) * sov_coeff); unrounded TRP,/Users/asekorneev/Documents/Work projects/AI-Pretest models/v3_adrecall/dataset_base_v4.parquet,True,,wildberriesдpwb,20.0,0.0,20.0,2.0,7.0,10.0,2.0,12.0,12.0,40.0,0.0,7.0,7.0,0.0,3.0,0.0,1.0,0.0,0.0,0.0,0.0,0.0,0.0,0.0,1.0,0.0,0.0,1.0,mixed,mixed,4686238b2c992d5f24f9f34e3d558a0d9a8bdfdd1b070cd8a8db0721bb81d31f,4686238b2c992d5f24f9f34e3d558a0d9a8bdfdd1b070cd8a8db0721bb81d31f,Goods,,0.1117613525684336,recall_87
recall_88,WILDBERRIES НГ на ВБ,4864129,Wildberries,Goods,2026-01-26,2026-02-08,1101.3724,0.1197,0.9099957182429066,0.1,0.39,0.0997760856822979,/Users/asekorneev/Downloads/Креативы конкуренты 2025/Wildberries/4864129H.AVI,0,standard,adrecall_v4,4864129H.AVI,True,ad_recall / ((trp / 1000) * sov_coeff); unrounded TRP,/Users/asekorneev/Documents/Work projects/AI-Pretest models/v3_adrecall/dataset_base_v4.parquet,True,,wildberriesнгнaвб,10.0,7.0,3.0,0.0,3.0,3.0,2.0,10.0,0.0,15.0,0.0,10.0,3.0,0.0,0.0,1.0,0.0,0.0,0.0,0.0,0.0,0.0,0.0,0.0,0.0,0.0,0.0,0.0,live_action,family,d0bb95b9e537e3129766bff00aeab5873d50dde115a1735feb26439226380500,d0bb95b9e537e3129766bff00aeab5873d50dde115a1735feb26439226380500,Goods,,0.0997760856822979,recall_88
recall_89,WILDBERRIES Черная пятница на ВБ,4855434,Wildberries,Goods,2025-12-01,2025-12-14,4068.4543,0.1945,1.3,0.18,0.86,0.0340329590187453,/Users/asekorneev/Downloads/Креативы конкуренты 2025/Wildberries/4855434H.AVI,0,standard,adrecall_v4,4855434H.AVI,True,ad_recall / ((trp / 1000) * sov_coeff); unrounded TRP,/Users/asekorneev/Documents/Work projects/AI-Pretest models/v3_adrecall/dataset_base_v4.parquet,True,,wildberriesчepнaяпятницaнaвб,20.0,0.0,20.0,2.0,5.0,6.0,4.0,9.0,5.0,35.0,0.0,15.0,5.0,10.0,2.0,0.0,1.0,0.0,0.0,0.0,0.0,0.0,0.0,0.0,1.0,0.0,0.0,1.0,mixed,family,44bf89267b149c0b802648fb0d57f770f7147f48c202c06c2a5103828a1d7181,44bf89267b149c0b802648fb0d57f770f7147f48c202c06c2a5103828a1d7181,Goods,,0.0340329590187453,recall_89
recall_90,Wildberries. Опускаем цены,4784037,Wildberries,Goods,2025-06-30,2025-08-10,3837.1779,0.7977,1.3,0.19,0.77,0.0380888897942016,/Users/asekorneev/Downloads/Креативы конкуренты 2025/Wildberries/4784037H.AVI,0,standard,adrecall_v4,4784037H.AVI,True,ad_recall / ((trp / 1000) * sov_coeff); unrounded TRP,/Users/asekorneev/Documents/Work projects/AI-Pretest models/v3_adrecall/dataset_base_v4.parquet,True,,wildberriesoпycкaeмцeны,20.0,0.0,20.0,2.0,4.0,1.0,1.0,3.0,0.0,16.0,6.0,10.0,4.0,0.0,1.0,0.0,0.0,1.0,0.0,0.0,0.0,0.0,1.0,0.0,1.0,0.0,0.0,0.0,live_action,family,1d32fe9b81d8f3e57e5d816073291662baeff1bcb6e84d0b205bd5da83b8c831,1d32fe9b81d8f3e57e5d816073291662baeff1bcb6e84d0b205bd5da83b8c831,Goods,,0.0380888897942016,recall_90
recall_91,Avito_Goods_gc-24-02-03-SP-maintenance-SP-T1-C2C,90000023,Avito,Goods,2024-02-12,2024-03-10,1226.0,1.0,1.3,0.21,,0.1317605722173422,/Users/asekorneev/Desktop/Creatives_validation/Avito_Goods_gc-24-02-03-SP-maintenance-SP-T1-C2C.mp4,1,validation,adrecall_v4,Avito_Goods_gc-24-02-03-SP-maintenance-SP-T1-C2C.mp4,True,ad_recall / ((trp / 1000) * sov_coeff); unrounded TRP,/Users/asekorneev/Documents/Work projects/AI-Pretest models/v3_adrecall/dataset_base_v4.parquet,False,,avitogoodsgc240203spmaintenancespt1c2c,15.0,0.0,15.0,1.0,3.0,1.2,1.0,2.0,2.3,26.8,0.0,15.0,3.0,8.0,1.0,1.0,0.0,1.0,0.0,1.0,0.0,0.0,0.0,1.0,0.0,0.0,1.0,0.5,live_action,adults,e5a2c1856c8b93f9ec115d22321aa050ee0e99d47ec609885d2e0d69e1a78db3,e5a2c1856c8b93f9ec115d22321aa050ee0e99d47ec609885d2e0d69e1a78db3,Goods,e5a2c1856c8b93f9ec115d22321aa050ee0e99d47ec609885d2e0d69e1a78db3,0.1317605722173422,recall_91
recall_92,Avito_Goods_gc-24-02-EL-GenderHolidays-T1-C2C,90000024,Avito,Goods,2024-02-13,2024-03-03,1971.0,0.12,0.9125874125874126,0.27,,0.1501075946045242,/Users/asekorneev/Desktop/Creatives_validation/Avito_Goods_gc-24-02-EL-GenderHolidays-T1-C2C.mp4,1,validation,adrecall_v4,Avito_Goods_gc-24-02-EL-GenderHolidays-T1-C2C.mp4,True,ad_recall / ((trp / 1000) * sov_coeff); unrounded TRP,/Users/asekorneev/Documents/Work projects/AI-Pretest models/v3_adrecall/dataset_base_v4.parquet,False,,avitogoodsgc2402elgenderholidayst1c2c,15.0,0.0,15.0,2.0,4.0,3.0,2.0,2.0,2.0,22.0,0.0,15.0,4.0,0.0,1.0,1.0,0.0,0.7,1.0,0.0,0.0,0.0,0.0,1.0,1.0,1.0,0.0,1.0,mixed,young_adults,01c8a8280a464532520986540d92068073cbd6206f5bee18db8043ff7f7b0d94,01c8a8280a464532520986540d92068073cbd6206f5bee18db8043ff7f7b0d94,Goods,01c8a8280a464532520986540d92068073cbd6206f5bee18db8043ff7f7b0d94,0.1501075946045242,recall_92
recall_93,Avito_Goods_gc-24-03-04-SP-Summer-tires-T1-C2C,90000025,Avito,Goods,2024-03-11,2024-04-14,1354.0,0.37,1.3,0.27,,0.1533916600386319,/Users/asekorneev/Desktop/Creatives_validation/Avito_Goods_gc-24-03-04-SP-Summer-tires-T1-C2C.mp4,1,validation,adrecall_v4,Avito_Goods_gc-24-03-04-SP-Summer-tires-T1-C2C.mp4,True,ad_recall / ((trp / 1000) * sov_coeff); unrounded TRP,/Users/asekorneev/Documents/Work projects/AI-Pretest models/v3_adrecall/dataset_base_v4.parquet,False,,avitogoodsgc240304spsummertirest1c2c,15.0,1.0,15.0,2.0,4.0,2.3,1.0,1.0,0.0,35.0,0.0,15.0,4.0,5.0,1.0,0.0,0.1,1.0,0.0,0.0,0.9,0.0,0.0,1.0,0.0,0.0,1.0,0.0,live_action,adults,57cc56fb59a6787a85cf30f64ed4d5016384070c1926a7d70d49fb466e2d9c44,57cc56fb59a6787a85cf30f64ed4d5016384070c1926a7d70d49fb466e2d9c44,Goods,57cc56fb59a6787a85cf30f64ed4d5016384070c1926a7d70d49fb466e2d9c44,0.1533916600386319,recall_93
recall_94,Avito_Goods_gc-24-04-FS-Avito-Premium-T1-C2C,90000026,Avito,Goods,2024-04-01,2024-04-28,1521.0,0.1,0.7435897435897435,0.24,,0.2122015915119363,/Users/asekorneev/Desktop/Creatives_validation/Avito_Goods_gc-24-04-FS-Avito-Premium-T1-C2C.mp4,1,validation,adrecall_v4,Avito_Goods_gc-24-04-FS-Avito-Premium-T1-C2C.mp4,True,ad_recall / ((trp / 1000) * sov_coeff); unrounded TRP,/Users/asekorneev/Documents/Work projects/AI-Pretest models/v3_adrecall/dataset_base_v4.parquet,False,,avitogoodsgc2404fsavitopremiumt1c2c,20.0,1.0,20.0,3.2,3.2,2.8,2.0,4.0,4.8,28.5,0.0,20.0,3.2,8.1,1.0,0.0,0.0,1.0,0.0,0.0,0.0,0.0,0.0,0.6,1.0,0.0,0.0,0.0,live_action,adults,d83eb5e4624da49403d89d19f4e1c02024cc5febe8b7d7f14474c629e6acb59c,d83eb5e4624da49403d89d19f4e1c02024cc5febe8b7d7f14474c629e6acb59c,Goods,d83eb5e4624da49403d89d19f4e1c02024cc5febe8b7d7f14474c629e6acb59c,0.2122015915119363,recall_94
recall_95,Avito_Goods_gc-24-04-HL-Construction-XY-T1-C2C,90000027,Avito,Goods,2024-04-23,2024-05-19,1855.0,0.1,0.7435897435897436,0.27,,0.1957430988010038,/Users/asekorneev/Desktop/Creatives_validation/Avito_Goods_gc-24-04-HL-Construction-XY-T1-C2C.mp4,1,validation,adrecall_v4,Avito_Goods_gc-24-04-HL-Construction-XY-T1-C2C.mp4,True,ad_recall / ((trp / 1000) * sov_coeff); unrounded TRP,/Users/asekorneev/Documents/Work projects/AI-Pretest models/v3_adrecall/dataset_base_v4.parquet,False,,avitogoodsgc2404hlconstructionxyt1c2c,20.0,0.0,20.0,3.0,3.1,1.2,1.0,3.0,0.0,38.7,0.0,20.0,3.1,0.0,1.0,0.0,0.0,1.0,0.0,0.0,0.0,0.0,0.0,1.0,1.0,1.0,0.0,0.0,live_action,family,35f7e10d87bf353f645bae2d1617c56590987ce2d368707724a72b0596f173bf,35f7e10d87bf353f645bae2d1617c56590987ce2d368707724a72b0596f173bf,Goods,35f7e10d87bf353f645bae2d1617c56590987ce2d368707724a72b0596f173bf,0.1957430988010038,recall_95
recall_96,Avito_Goods_gc-24-05-SP-RoadTrips-T1-C2C,90000028,Avito,Goods,2024-05-27,2024-06-23,1283.0,0.45,1.3,0.36,,0.2158402781941363,/Users/asekorneev/Desktop/Creatives_validation/Avito_Goods_gc-24-05-SP-RoadTrips-T1-C2C.mp4,1,validation,adrecall_v4,Avito_Goods_gc-24-05-SP-RoadTrips-T1-C2C.mp4,True,ad_recall / ((trp / 1000) * sov_coeff); unrounded TRP,/Users/asekorneev/Documents/Work projects/AI-Pretest models/v3_adrecall/dataset_base_v4.parquet,False,,avitogoodsgc2405sproadtripst1c2c,15.0,1.0,15.0,2.0,4.0,2.4,2.0,3.0,2.0,25.0,0.0,15.0,4.0,0.0,0.0,0.0,0.0,1.0,0.0,1.0,0.0,0.0,0.0,1.0,0.0,0.0,0.0,0.0,mixed,family,e8f1e4a5966f4688925f062557287da4677e14c160fa0b8f28fede3fb40cc212,e8f1e4a5966f4688925f062557287da4677e14c160fa0b8f28fede3fb40cc212,Goods,e8f1e4a5966f4688925f062557287da4677e14c160fa0b8f28fede3fb40cc212,0.2158402781941363,recall_96
recall_97,Avito_Goods_gc-24-06-СС-SALE-Federal,90000029,Avito,Goods,2024-06-24,2024-07-07,2295.0,0.22,1.3,0.23,,0.0770906653259594,/Users/asekorneev/Desktop/Creatives_validation/Avito_Goods_gc-24-06-СС-SALE-Federal.mp4,1,validation,adrecall_v4,Avito_Goods_gc-24-06-СС-SALE-Federal.mp4,True,ad_recall / ((trp / 1000) * sov_coeff); unrounded TRP,/Users/asekorneev/Documents/Work projects/AI-Pretest models/v3_adrecall/dataset_base_v4.parquet,False,,avitogoodsgc2406ccsalefederal,15.0,0.0,15.0,3.0,2.0,4.0,1.0,1.0,3.0,25.0,0.0,15.0,2.0,0.0,2.0,1.0,1.0,0.0,0.0,0.0,1.0,0.0,1.0,1.0,1.0,0.0,0.0,1.0,mixed,young_adults,be793b896a17547c23bdce0d6c0f6e83ca5747fde13639f0c0afb556e1fc1d37,be793b896a17547c23bdce0d6c0f6e83ca5747fde13639f0c0afb556e1fc1d37,Goods,be793b896a17547c23bdce0d6c0f6e83ca5747fde13639f0c0afb556e1fc1d37,0.0770906653259594,recall_97
recall_98,Avito_Goods_gc-24-06-H&L-T1-Construction-SALE,90000030,Avito,Goods,2024-07-11,2024-08-14,1273.0,0.1,0.7435897435897436,0.34,,0.3591841157190454,/Users/asekorneev/Desktop/Creatives_validation/Avito_Goods_gc-24-06-H&L-T1-Construction-SALE.mp4,1,validation,adrecall_v4,Avito_Goods_gc-24-06-H&L-T1-Construction-SALE.mp4,True,ad_recall / ((trp / 1000) * sov_coeff); unrounded TRP,/Users/asekorneev/Documents/Work projects/AI-Pretest models/v3_adrecall/dataset_base_v4.parquet,False,,avitogoodsgc2406hlt1constructionsale,15.0,1.0,15.0,2.0,3.0,1.0,1.0,1.0,0.0,28.0,0.0,15.0,3.0,12.0,1.0,1.0,0.0,1.0,0.0,0.0,0.0,0.0,0.0,1.0,1.0,0.5,1.0,0.0,mixed,adults,806616bfa8374f86aaedf30a8b323d912053edad7db3900a5baf986c02274110,806616bfa8374f86aaedf30a8b323d912053edad7db3900a5baf986c02274110,Goods,806616bfa8374f86aaedf30a8b323d912053edad7db3900a5baf986c02274110,0.3591841157190454,recall_98
recall_99,Avito_Goods_gc-24-07-SP-Garage-win-a-car-SP-T1-2C,90000031,Avito,Goods,2024-07-15,2024-08-25,1200.0,0.36,1.3,0.33,,0.2115384615384615,/Users/asekorneev/Desktop/Creatives_validation/Avito_Goods_gc-24-07-SP-Garage-win-a-car-SP-T1-2C.mp4,1,validation,adrecall_v4,Avito_Goods_gc-24-07-SP-Garage-win-a-car-SP-T1-2C.mp4,True,ad_recall / ((trp / 1000) * sov_coeff); unrounded TRP,/Users/asekorneev/Documents/Work projects/AI-Pretest models/v3_adrecall/dataset_base_v4.parquet,False,,avitogoodsgc2407spgaragewinacarspt12c,25.0,0.0,25.0,3.8,2.0,3.7,2.9,4.9,7.8,45.0,0.0,25.0,2.0,9.2,1.2,0.0,0.0,1.0,1.0,0.0,1.0,0.0,0.0,0.0,0.0,1.0,1.0,0.0,live_action,adults,87a56232a0a373c47ded3df8153cea3f893b5de94a50e6e786dd42c66656ea6f,garage_2024_2025,Goods,87a56232a0a373c47ded3df8153cea3f893b5de94a50e6e786dd42c66656ea6f,0.2115384615384615,recall_99
recall_100,Avito_Goods_gc-24-09-AvitoMall+T&S-T1,90000032,Avito,Goods,2024-09-16,2024-10-13,3437.0,0.14,1.0572093023255815,0.26,,0.0715538226189697,/Users/asekorneev/Desktop/Creatives_validation/Avito_Goods_gc-24-09-AvitoMall+T&S-T1.mp4,1,validation,adrecall_v4,Avito_Goods_gc-24-09-AvitoMall+T&S-T1.mp4,True,ad_recall / ((trp / 1000) * sov_coeff); unrounded TRP,/Users/asekorneev/Documents/Work projects/AI-Pretest models/v3_adrecall/dataset_base_v4.parquet,False,,avitogoodsgc2409avitomalltst1,20.0,1.0,20.0,4.0,4.0,2.0,2.0,4.0,0.0,35.2,0.0,20.0,4.0,15.0,0.0,0.0,0.0,1.0,1.0,0.0,0.0,0.0,0.0,1.0,0.0,0.0,0.0,1.0,mixed,adults,cde2b0db629676325b683a51456d04a62381e8957b92bb19c35a469d3bd4ab87,cde2b0db629676325b683a51456d04a62381e8957b92bb19c35a469d3bd4ab87,Goods,cde2b0db629676325b683a51456d04a62381e8957b92bb19c35a469d3bd4ab87,0.0715538226189697,recall_100
recall_101,Avito_Goods_gc-24-10-HL-Furniture-Feature-C2C,90000033,Avito,Goods,2024-10-01,2024-11-03,1531.0,0.29,1.3,0.29,,0.1457066773853188,/Users/asekorneev/Desktop/Creatives_validation/Avito_Goods_gc-24-10-HL-Furniture-Feature-C2C.mp4,1,validation,adrecall_v4,Avito_Goods_gc-24-10-HL-Furniture-Feature-C2C.mp4,True,ad_recall / ((trp / 1000) * sov_coeff); unrounded TRP,/Users/asekorneev/Documents/Work projects/AI-Pretest models/v3_adrecall/dataset_base_v4.parquet,False,,avitogoodsgc2410hlfurniturefeaturec2c,20.0,1.0,20.0,2.0,5.0,4.0,3.0,4.7,3.0,25.0,1.3,15.0,5.0,5.0,1.0,0.0,0.6,1.0,0.0,1.0,0.0,0.0,0.0,1.0,0.0,1.0,0.2,0.0,live_action,adults,e6607baf2f27fa4b25307bb86cc3e0e9605fb0cc1418a9fcb5216e412f104ee2,e6607baf2f27fa4b25307bb86cc3e0e9605fb0cc1418a9fcb5216e412f104ee2,Goods,e6607baf2f27fa4b25307bb86cc3e0e9605fb0cc1418a9fcb5216e412f104ee2,0.1457066773853188,recall_101
recall_102,Avito_Goods_gc-24-10-SP-WinterTires-T1-2C,90000034,Avito,Goods,2024-10-10,2024-11-03,1091.0,0.8,1.3,0.51,,0.3595854191637876,/Users/asekorneev/Desktop/Creatives_validation/Avito_Goods_gc-24-10-SP-WinterTires-T1-2C.mp4,1,validation,adrecall_v4,Avito_Goods_gc-24-10-SP-WinterTires-T1-2C.mp4,True,ad_recall / ((trp / 1000) * sov_coeff); unrounded TRP,/Users/asekorneev/Documents/Work projects/AI-Pretest models/v3_adrecall/dataset_base_v4.parquet,False,,avitogoodsgc2410spwintertirest12c,20.0,1.0,20.0,2.0,3.0,1.5,1.0,5.4,2.0,20.0,5.0,10.5,3.0,5.0,0.8,0.1,0.0,1.0,0.0,0.0,0.0,0.0,0.0,1.0,0.0,1.0,1.0,0.0,live_action,adults,20101d0aa6466cb934c69b83906e245d1f4bcd9a27855f0b7ef8397c0ee7b89a,20101d0aa6466cb934c69b83906e245d1f4bcd9a27855f0b7ef8397c0ee7b89a,Goods,20101d0aa6466cb934c69b83906e245d1f4bcd9a27855f0b7ef8397c0ee7b89a,0.3595854191637876,recall_102
recall_103,Avito_Goods_gc-24-11-СС-November-BIG-SALE-T1,90000035,Avito,Goods,2024-11-04,2024-12-01,5462.0,0.19,1.3,0.36,,0.050699940850069,/Users/asekorneev/Desktop/Creatives_validation/Avito_Goods_gc-24-11-СС-November-BIG-SALE-T1.mp4,1,validation,adrecall_v4,Avito_Goods_gc-24-11-СС-November-BIG-SALE-T1.mp4,True,ad_recall / ((trp / 1000) * sov_coeff); unrounded TRP,/Users/asekorneev/Documents/Work projects/AI-Pretest models/v3_adrecall/dataset_base_v4.parquet,False,,avitogoodsgc2411ccnovemberbigsalet1,20.0,0.0,20.0,2.0,4.0,6.0,1.0,13.6,0.0,45.0,0.0,20.0,4.0,0.0,1.0,0.9,1.0,0.0,0.0,0.0,0.0,0.0,0.0,1.0,1.0,0.0,0.0,0.0,mixed,mixed,a18415ab8e21671b0ba1daf43b34897d54863bf971eaa7d23eefac70f1df8e69,a18415ab8e21671b0ba1daf43b34897d54863bf971eaa7d23eefac70f1df8e69,Goods,a18415ab8e21671b0ba1daf43b34897d54863bf971eaa7d23eefac70f1df8e69,0.050699940850069,recall_103
recall_104,Avito_Goods_gc-24-12-EL&LS-SALE-T1,90000036,Avito,Goods,2024-12-02,2024-12-22,3635.0,0.24,1.3,0.27,,0.0571368109194794,/Users/asekorneev/Desktop/Creatives_validation/Avito_Goods_gc-24-12-EL&LS-SALE-T1.mp4,1,validation,adrecall_v4,Avito_Goods_gc-24-12-EL&LS-SALE-T1.mp4,True,ad_recall / ((trp / 1000) * sov_coeff); unrounded TRP,/Users/asekorneev/Documents/Work projects/AI-Pretest models/v3_adrecall/dataset_base_v4.parquet,False,,avitogoodsgc2412ellssalet1,20.0,0.0,20.0,3.0,4.0,1.2,1.0,10.7,1.9,45.0,0.0,20.0,4.0,0.0,1.6,0.0,1.0,0.0,1.0,0.0,0.0,0.0,0.0,1.0,1.0,0.0,0.0,0.0,mixed,mixed,2b180d4553e3372f350799745aa47243085c96572f978c07b4ad119d3c7ea9e4,2b180d4553e3372f350799745aa47243085c96572f978c07b4ad119d3c7ea9e4,Goods,2b180d4553e3372f350799745aa47243085c96572f978c07b4ad119d3c7ea9e4,0.0571368109194794,recall_104
recall_105,Avito_Goods_gс-25-11-CC-November-BIG-SALE-T1-2C,4851955,Avito,Goods,2025-10-27,2024-02-04,5400.0,0.15,1.115764705882353,0.29,,0.048131746254901,/Users/asekorneev/Downloads/Креативы Avito 2025/4851955H.AVI,1,standard,adrecall_v4,4851955H.AVI,True,ad_recall / ((trp / 1000) * sov_coeff); unrounded TRP,/Users/asekorneev/Documents/Work projects/AI-Pretest models/v3_adrecall/dataset_base_v4.parquet,False,,avitogoodsgc2511ccnovemberbigsalet12c,20.0,1.0,19.1,2.0,4.0,3.9,2.7,5.8,3.9,32.9,1.9,4.6,4.0,0.0,3.0,0.0,0.0,1.0,0.0,0.0,0.0,0.0,0.0,0.9,1.0,1.0,1.0,0.0,live_action,mixed,07126f6e08c2dfbcf4e150806faafd435f6d95063df8881abc6bd5b3a8f03d7a,07126f6e08c2dfbcf4e150806faafd435f6d95063df8881abc6bd5b3a8f03d7a,Goods,07126f6e08c2dfbcf4e150806faafd435f6d95063df8881abc6bd5b3a8f03d7a,0.048131746254901,recall_105
recall_106,Avito_Goods_gc-24-01-02-TRX-Buyer-Protection-T1-C2C,90000037,Avito,Goods,2024-01-01,2025-12-01,4563.0,0.15,1.115764705882353,0.46,,0.0903513702397652,/Users/asekorneev/Desktop/Creatives_validation/Avito_Goods_gc-24-01-02-TRX-Buyer-Protection-T1-C2C.mp4,1,validation,adrecall_v4,Avito_Goods_gc-24-01-02-TRX-Buyer-Protection-T1-C2C.mp4,True,ad_recall / ((trp / 1000) * sov_coeff); unrounded TRP,/Users/asekorneev/Documents/Work projects/AI-Pretest models/v3_adrecall/dataset_base_v4.parquet,False,,avitogoodsgc240102trxbuyerprotectiont1c2c,20.0,0.0,20.0,1.0,3.0,3.0,2.0,2.0,4.2,35.0,0.0,20.0,3.0,10.0,1.0,0.0,1.0,1.0,1.0,0.0,0.0,0.0,0.0,1.0,1.0,0.0,0.0,0.0,live_action,adults,11e788f113e2f23d3c19507674f1a8a99271a5b7651ddba6c3096462b5bd3774,11e788f113e2f23d3c19507674f1a8a99271a5b7651ddba6c3096462b5bd3774,Goods,11e788f113e2f23d3c19507674f1a8a99271a5b7651ddba6c3096462b5bd3774,0.0903513702397652,recall_106
