pair_id,prototype_n,prototype_m,prototype_r,prototype_Q,finished_n,finished_m,finished_r,finished_Q
Ковер,0.41747318031867986,0.17456917769840594,0.127019845867737,0.009284560665851111,0.5837837837837837,0.22231382821753728,0.1220998178020795,0.01584650602911547
Работа для жизни,0.36424999222001786,0.23825228983928773,0.1233947036119107,0.01070861126995452,0.40095000000000003,0.23825228983928773,0.11522527432823608,0.011007154233608199
Сумка,0.38888888888888895,0.19145974719386136,0.06228741763134051,0.004637707368410247,0.4377142857142857,0.13264544019377755,0.046308488537478584,0.0026745407740545978
Лето / девичник,0.3695652173913043,0.17931214261859227,0.11032566775830119,0.007311009604709888,0.42054995041397925,0.166647041434777,0.10266636486381564,0.007195208429863824
Зима / настроение,0.34029268292682924,0.1525590241150298,0.11765997240228258,0.006108284477855839,0.42857142857142866,0.16156130379912964,0.11522527432823608,0.00797826237903523
Парад,0.2941176470588235,0.29864681809224425,0.08618137982436051,0.007569939665689531,0.392,0.3700411097405441,0.07932664195237275,0.01148175203154168
Охота,0.3414634146341463,0.19298586665685308,0.10996536822201937,0.007246455279022665,0.3188777549211209,0.2060005598873186,0.08255216201312972,0.005424279489287904
Travel PS2,0.39505275082263414,0.229390579647731,0.09491649866467985,0.008601464046553268,0.433456290499879,0.3062648372438094,0.05783907548793388,0.0076767132556515875
Travel весна,0.3263673890608875,0.20150624719744958,0.08589993025946985,0.005727188683477572,0.29999999999999993,0.1671503591317974,0.08502457674729831,0.004263566561501996
Мебель 2025,0.38095238095238093,0.22444619378343847,0.08898673600363696,0.007607935447517392,0.4033836495334186,0.24939476083276607,0.11878538847637801,0.011936930548178256
Хватамба лето 2025,0.3414634146341463,0.34111059026725943,0.051343107216655005,0.005980280159112129,0.28835828777296035,0.30673395843101336,0.05776263398172177,0.005107148131786658
Travel - теперь и в отелях,0.3851111111111111,0.2076216625440363,0.11432334706357454,0.009140998636910652,0.3413170731707317,0.2076216625440363,0.10133446835656537,0.0071810863147109966
