record,family,sha,y,prediction
md58_0,372cb7e8f6ae65f534aefaf2f6e97458a126c51e9152a8b2747b93267a9dd0d9,372cb7e8f6ae65f534aefaf2f6e97458a126c51e9152a8b2747b93267a9dd0d9,0.6,0.4247571428571429
md58_1,98f75aea9679cb15892855111c0e33a380b485f051ea8a013d2d4a7b6878545a,98f75aea9679cb15892855111c0e33a380b485f051ea8a013d2d4a7b6878545a,0.391304347826087,0.364
md58_2,491f84b3d6722950dace3f711e10da267580113e784bdc15ee9904db379cb519,491f84b3d6722950dace3f711e10da267580113e784bdc15ee9904db379cb519,0.4473684210526316,0.4550815354396125
md58_3,auto_2025_2026_shared,128f8120b17a99b2b97216c669a900830cb2c2c80437a2f69bee4f137543eade,0.6,0.40942880877953
md58_4,11e788f113e2f23d3c19507674f1a8a99271a5b7651ddba6c3096462b5bd3774,11e788f113e2f23d3c19507674f1a8a99271a5b7651ddba6c3096462b5bd3774,0.34146341463414637,0.34146341463414637
md58_5,e5a2c1856c8b93f9ec115d22321aa050ee0e99d47ec609885d2e0d69e1a78db3,e5a2c1856c8b93f9ec115d22321aa050ee0e99d47ec609885d2e0d69e1a78db3,0.34782608695652173,0.374561403508772
md58_6,01c8a8280a464532520986540d92068073cbd6206f5bee18db8043ff7f7b0d94,01c8a8280a464532520986540d92068073cbd6206f5bee18db8043ff7f7b0d94,0.3,0.36
md58_7,57cc56fb59a6787a85cf30f64ed4d5016384070c1926a7d70d49fb466e2d9c44,57cc56fb59a6787a85cf30f64ed4d5016384070c1926a7d70d49fb466e2d9c44,0.4,0.3657789473684211
md58_8,d83eb5e4624da49403d89d19f4e1c02024cc5febe8b7d7f14474c629e6acb59c,d83eb5e4624da49403d89d19f4e1c02024cc5febe8b7d7f14474c629e6acb59c,0.5675675675675675,0.4398268398268398
md58_9,35f7e10d87bf353f645bae2d1617c56590987ce2d368707724a72b0596f173bf,35f7e10d87bf353f645bae2d1617c56590987ce2d368707724a72b0596f173bf,0.45454545454545453,0.3780593849416755
md58_10,e8f1e4a5966f4688925f062557287da4677e14c160fa0b8f28fede3fb40cc212,e8f1e4a5966f4688925f062557287da4677e14c160fa0b8f28fede3fb40cc212,0.368421052631579,0.2777777777777778
md58_11,806616bfa8374f86aaedf30a8b323d912053edad7db3900a5baf986c02274110,806616bfa8374f86aaedf30a8b323d912053edad7db3900a5baf986c02274110,0.36,0.41774891774891776
md58_12,be793b896a17547c23bdce0d6c0f6e83ca5747fde13639f0c0afb556e1fc1d37,be793b896a17547c23bdce0d6c0f6e83ca5747fde13639f0c0afb556e1fc1d37,0.3695652173913043,0.36
md58_13,garage_2024_2025,87a56232a0a373c47ded3df8153cea3f893b5de94a50e6e786dd42c66656ea6f,0.33333333333333337,0.4940777768363976
md58_14,ea57e2c751dbba0622cece5b2168785832d4c1d77629c85d2d876aaf9a9ad010,ea57e2c751dbba0622cece5b2168785832d4c1d77629c85d2d876aaf9a9ad010,0.34615384615384615,0.391304347826087
md58_15,cde2b0db629676325b683a51456d04a62381e8957b92bb19c35a469d3bd4ab87,cde2b0db629676325b683a51456d04a62381e8957b92bb19c35a469d3bd4ab87,0.1851851851851852,0.38888888888888895
md58_16,e6607baf2f27fa4b25307bb86cc3e0e9605fb0cc1418a9fcb5216e412f104ee2,e6607baf2f27fa4b25307bb86cc3e0e9605fb0cc1418a9fcb5216e412f104ee2,0.35,0.34
md58_17,20101d0aa6466cb934c69b83906e245d1f4bcd9a27855f0b7ef8397c0ee7b89a,20101d0aa6466cb934c69b83906e245d1f4bcd9a27855f0b7ef8397c0ee7b89a,0.38095238095238093,0.44000000000000006
md58_18,a18415ab8e21671b0ba1daf43b34897d54863bf971eaa7d23eefac70f1df8e69,a18415ab8e21671b0ba1daf43b34897d54863bf971eaa7d23eefac70f1df8e69,0.2692307692307692,0.35
md58_19,2b180d4553e3372f350799745aa47243085c96572f978c07b4ad119d3c7ea9e4,2b180d4553e3372f350799745aa47243085c96572f978c07b4ad119d3c7ea9e4,0.32,0.2184043880192063
md58_20,4578099cb8a697f8a169117a375baa1ab7e211d736477922af0e6981886ad977,4578099cb8a697f8a169117a375baa1ab7e211d736477922af0e6981886ad977,0.4285714285714286,0.39095
md58_21,f678c2339636323bb95679ec579b6e28648f67be1d2b09bb94b572f3cb495aa5,f678c2339636323bb95679ec579b6e28648f67be1d2b09bb94b572f3cb495aa5,0.391304347826087,0.38
md58_22,a65e6ebc06a8a0d13ab515dd9e0920ef454b0883855b7031854b2e795b0c6f33,a65e6ebc06a8a0d13ab515dd9e0920ef454b0883855b7031854b2e795b0c6f33,0.25,0.38
md58_23,5a39e29f0e9382307832c0c3decd102e31e97ac583d5b0e40a02c54084dbb0e4,5a39e29f0e9382307832c0c3decd102e31e97ac583d5b0e40a02c54084dbb0e4,0.5,0.4876841166083835
md58_24,140bcab25cbb9038b2b7bb99dfbb9f99f37cdd5485885d8cbeb32c04bdeeea76,140bcab25cbb9038b2b7bb99dfbb9f99f37cdd5485885d8cbeb32c04bdeeea76,0.46875,0.42285000000000006
md58_25,9e7b30dacca267ce0700b6d8aab0d5245797a16b13e368f1e33a5f39aa4b452c,9e7b30dacca267ce0700b6d8aab0d5245797a16b13e368f1e33a5f39aa4b452c,0.2777777777777778,0.3053470919324578
md58_26,2b887867a656bb914af76caf3279ee6b2259b0018ced5a6fb1d85652423c0930,2b887867a656bb914af76caf3279ee6b2259b0018ced5a6fb1d85652423c0930,0.40950000000000003,0.35051995652982015
md58_27,14891ce3f527c465a284c05d9bfdaefd3e356728d525f96b1bbcdcb5b4f02fa1,14891ce3f527c465a284c05d9bfdaefd3e356728d525f96b1bbcdcb5b4f02fa1,0.38888888888888895,0.3883116883116883
md58_28,0bca12f6bb27ca0445db96d8e5d26682c1e0dcfb6fe8b4c5b6ce14ff8029f2f7,0bca12f6bb27ca0445db96d8e5d26682c1e0dcfb6fe8b4c5b6ce14ff8029f2f7,0.3,0.34782608695652173
md58_29,3e95b3bd882af4011ce70740567c96fb9ecf78aa2c9cfd859546d596ffa49715,3e95b3bd882af4011ce70740567c96fb9ecf78aa2c9cfd859546d596ffa49715,0.29411764705882354,0.33333333333333337
md58_30,e315d2710c865cf8653a263095145102512d8c729e85f6d4c61db0f02a0f2b3a,e315d2710c865cf8653a263095145102512d8c729e85f6d4c61db0f02a0f2b3a,0.45454545454545453,0.3916746376811594
md58_31,a6438e79890f3977484c39fa0fa422fbed4dd09b3f137b9bda3f2dccd1ca875f,a6438e79890f3977484c39fa0fa422fbed4dd09b3f137b9bda3f2dccd1ca875f,0.48275862068965525,0.4509569377990431
md58_32,271f1a3b8c729931f50bd12020d474dee352d6d8369c6f824e160d54d14a4070,271f1a3b8c729931f50bd12020d474dee352d6d8369c6f824e160d54d14a4070,0.5714285714285714,0.5272727272727272
md58_33,07126f6e08c2dfbcf4e150806faafd435f6d95063df8881abc6bd5b3a8f03d7a,07126f6e08c2dfbcf4e150806faafd435f6d95063df8881abc6bd5b3a8f03d7a,0.34146341463414637,0.359
md58_34,adaaef39a367b212707dff76f70524ec784a8c91b07534392ca53cefce8d3c3b,adaaef39a367b212707dff76f70524ec784a8c91b07534392ca53cefce8d3c3b,0.3157894736842105,0.36770186335403726
md58_35,06a5ef7732743e8fc8234a327f4d55c321eb0abfb36c2fc74059b037e717d2e6,06a5ef7732743e8fc8234a327f4d55c321eb0abfb36c2fc74059b037e717d2e6,0.34199999999999997,0.3209242618741977
md58_36,236ae03ee0ec27ab154f437956e6ac005bdf7739cccc349aca4518c9b3f6665b,236ae03ee0ec27ab154f437956e6ac005bdf7739cccc349aca4518c9b3f6665b,0.38,0.36
md58_37,jobs_2025_2026_shared,3bcc3190ded959049d06676baddfbe5589478bbf6242982101e8692fbd0ed20d,0.44,0.391304347826087
md58_38,c0d21ddc15f6787eb3aae563c755c3846c75c63efd6a122727cc1d782d0775d9,c0d21ddc15f6787eb3aae563c755c3846c75c63efd6a122727cc1d782d0775d9,0.36,0.25
md58_39,38d4fffaa6301197c2db6fbac93fee0d2214e4c476475a7332d1e7850ef69b34,38d4fffaa6301197c2db6fbac93fee0d2214e4c476475a7332d1e7850ef69b34,0.4285714285714286,0.4285714285714286
md58_40,bed7e271f2f92b8dbab23e87205a60e3fcea57a1c7c72984218e9a8a6020bc5a,bed7e271f2f92b8dbab23e87205a60e3fcea57a1c7c72984218e9a8a6020bc5a,0.2380952380952381,0.32414634146341464
md58_41,1b02a0757b39526712ec48eaff15214faef745508fb1ecf7c515b7c5342b94b7,1b02a0757b39526712ec48eaff15214faef745508fb1ecf7c515b7c5342b94b7,0.34,0.3801904761904762
md58_42,ac56aa08608f295f30408bcf992bbec753aadd4b104603cb1679ed203c550c68,ac56aa08608f295f30408bcf992bbec753aadd4b104603cb1679ed203c550c68,0.4285714285714286,0.38888888888888895
md58_43,638daa5700f6042724af6e172c2ed9bf499e97f2cc4f4a237f163909d8c9f205,638daa5700f6042724af6e172c2ed9bf499e97f2cc4f4a237f163909d8c9f205,0.45454545454545453,0.42857142857142866
md58_45,b0af9f5d3b477efc1b15bdd28a0cfe8b8f6923b994a8b8b918e82d2f749f1ed2,b0af9f5d3b477efc1b15bdd28a0cfe8b8f6923b994a8b8b918e82d2f749f1ed2,0.48,0.46584766584766585
md58_46,86658353631da079278893193e663d3f06bb5d9e6607db9573226956f7004005,86658353631da079278893193e663d3f06bb5d9e6607db9573226956f7004005,0.4705882352941176,0.6
md58_47,b47bf7e84ebbf701677b26d30152be2ad41282f8057afd39adfbc6dcdcfec2b9,b47bf7e84ebbf701677b26d30152be2ad41282f8057afd39adfbc6dcdcfec2b9,0.49999999999999994,0.4285714285714286
md58_48,17a73d094b5569f1fdafd79544dcce3be1c3bb90535425fc1cae810ccfd513bc,17a73d094b5569f1fdafd79544dcce3be1c3bb90535425fc1cae810ccfd513bc,0.41666666666666674,0.36
md58_49,el_buyout_25_campaign,1c4d785d54289af3f2972ca16f4660992f0b94b494e4be61ef19d285f0b19b18,0.391304347826087,0.3695652173913043
md58_50,el_buyout_25_campaign,3c0db100e51bd430d41b288f8989b0bd196b7ae686d368481a71388bc8c24c79,0.40625,0.38095238095238093
md58_51,gig_26_campaign,983d70fe135cb4275f74abd2841812d70548565a5ceb36a08ea06830d50ded5b,0.3225806451612903,0.391304347826087
md58_52,gig_26_campaign,23861d7018d2b7afe06053d9571530a405621a370cf0bb8251fcdc4ffa7bf311,0.5652173913043478,0.4285714285714286
md58_53,ddbbcc2fb8ab45577bf0499e02558ec984c78ba7f4566b64825af62230b6b73c,ddbbcc2fb8ab45577bf0499e02558ec984c78ba7f4566b64825af62230b6b73c,0.33333333333333337,0.36
md58_54,94fbf1ed5ac44656fed987cefe53e227d58eded7b6cf64a674b84a9163cd4a17,94fbf1ed5ac44656fed987cefe53e227d58eded7b6cf64a674b84a9163cd4a17,0.33333333333333337,0.3
md58_55,3b23416e7dbd16a49f7076c86c69f7aa1d745c7299b2e7d80f728e66b40c9dfb,3b23416e7dbd16a49f7076c86c69f7aa1d745c7299b2e7d80f728e66b40c9dfb,0.45,0.391304347826087
md58_56,0a630b470e3aa11d053e583a9cacc31dda74511fb20d857e315f5f78326ac478,0a630b470e3aa11d053e583a9cacc31dda74511fb20d857e315f5f78326ac478,0.2727272727272727,0.34146341463414637
md58_57,3c2bfab4f87d4fb286177d2765618777a92ccc093a865b33125ee953d08df171,3c2bfab4f87d4fb286177d2765618777a92ccc093a865b33125ee953d08df171,0.4516129032258065,0.4473684210526316
